nwQaU-agzFE	preethaji	604	2411	Calm Is Your Superpower: Sri Preethaji On Destiny, Dharma & 
x-mTRlE0TC4	krishnaji	576	1719	Ekam Co Creator Mukti Guru Sri Krishnaji Exclusive | Frankly
V45jIC4RthQ	ekam	494	1708	Life from a Stress-free Perspective: The Big Question | From
1_-cZz8YRFw	preethaji_krishnaji	471	1722	Transform Your Life by Forgiving Yourself | How Forgiveness 
ACvOem_B-Ek	preethaji_krishnaji	471	4044	Video Transcript: ACvOem_B-Ek
vARTudIEq30	preethaji_krishnaji	452	5110	Peace For Healing Economic Unrest | Ekam World Peace Festiva
sMgbjxyrgqw	ekam	451	1707	Becoming a Dheera: Your Path to Courageous Awakening | The P
AR0r8B6Ga8E	krishnaji	439	1909	KARMA CLEANSING CHANGES DESTINY ? PODCAST -SRI KRISHNA JI -E
nCkbv_lvFfg	krishnaji	431	1664	Sri Krishnaji on Creating Fearless Thinkers | Chronic Inflam
kMc_kat7YLE	ekam	425	1694	Free Will or Divine Plan? Unbelievable Answer | Mastering Li
YkIBYppBtro	preethaji_krishnaji	409	1690	3 Questions That'll Reveal Your Life's Purpose | Life Purpos
_GEMrEWCiXw	krishnaji	408	1709	Beyond Divisiveness: Awakening to Oneness | Unraveling Life'
mmpmX3-qfc4	krishnaji	402	1494	Why Your Life is Unfolding the Way It Is- Exploring Karma | 
U23yKxWbIcI	krishnaji	396	1488	The POWER of an ENLIGHTENED MIND | Unveiling The Science Beh
