video_id,url,clip_teacher,sentence_start_s,clip_start_s,labelled_words,clip_opens_with,reviewer_verdict (teacher|host|mixed|unsure)
UlOt31lBhLY,https://youtu.be/UlOt31lBhLY?t=1010,P,1012.54,1013.66,Because[O] you're[O] so[O],used to feeling being honest is right. I,
hUmlujE6SN0,https://youtu.be/hUmlujE6SN0?t=183,P,185.94,186.74,It[O] is[O],beyond attitudes. It is beyond positive thinking. It,
TqxxCYnAxo8,https://youtu.be/TqxxCYnAxo8?t=652,P,654.1,654.78,The[O],"problem, however, is none of these three paths",
rGcNJ_Nsuy8,https://youtu.be/rGcNJ_Nsuy8?t=238,K,240.45,242.53,"So,[O]","So, unconditional love or today's true love is,",
H_uhawaiO3E,https://youtu.be/H_uhawaiO3E?t=161,P,163.79,169.63,focus[P] on[P] chakra[P] mantra[O] dharana[O],on the consciousness aspect of the sun together,
5Tdb7hBwX88,https://youtu.be/5Tdb7hBwX88?t=14,P,16.56,19.12,The[O],second stage of the Soul Sync pushes your,
TqxxCYnAxo8,https://youtu.be/TqxxCYnAxo8?t=57,P,59.23,62.16,She[O],"needed to get back to her toddler, who",
UlOt31lBhLY,https://youtu.be/UlOt31lBhLY?t=91,K,93.92,94.88,"See,[O]",we are constantly in this belief that our,
TqxxCYnAxo8,https://youtu.be/TqxxCYnAxo8?t=628,P,630.16,630.8,"Two,[O]",we try to escape stress We try to,
rGcNJ_Nsuy8,https://youtu.be/rGcNJ_Nsuy8?t=714,K,716.12,716.64,Your[O],"heart must flower. There are 40 ,000 neurons",
TqxxCYnAxo8,https://youtu.be/TqxxCYnAxo8?t=488,P,490.96,491.66,Let[O],us observe Nomi a little longer. Anger and,
UlOt31lBhLY,https://youtu.be/UlOt31lBhLY?t=1469,P,1471.9,1474.76,And[P] there[O] is[?],a universal intelligence that is prevalent. And the,
TqxxCYnAxo8,https://youtu.be/TqxxCYnAxo8?t=452,P,454.49,456.77,you[O] are[O] lost.[O] You[O],are disconnected from the others. You might be,
-i-QFyNg8Io,https://youtu.be/-i-QFyNg8Io?t=159,P,161.45,162.57,making[O] you[O],heal your own hearts of your disappointments and,
hUmlujE6SN0,https://youtu.be/hUmlujE6SN0?t=80,P,82.84,84.3,and[O],also trying to create a network that is,
9-NMv5E-18s,https://youtu.be/9-NMv5E-18s?t=2,P,4.28,6.92,namaste[O],last week we went into the first three,
HCs6I_BNtxo,https://youtu.be/HCs6I_BNtxo?t=4,K,6.56,7.28,Can[O] you[O] explain[O],this with an example? There is no possessive,
hUmlujE6SN0,https://youtu.be/hUmlujE6SN0?t=406,P,408.58,409.2,It[O],"is not a struggle anymore, it is not",
UlOt31lBhLY,https://youtu.be/UlOt31lBhLY?t=552,P,554.92,555.98,Very[O] comfortable[O] and[O],familiar. Yes. People are used to living in,
TqxxCYnAxo8,https://youtu.be/TqxxCYnAxo8?t=228,P,230.23,233.01,The[O],power to peace is always within you. Let,
