rank,video_id,url,title,our_current_label,chunks_in_corpus,cumulative_share_%,who_teaches_in_it (Preethaji / Krishnaji / both / neither),other_voices (host / interviewer / translator / narrator / audience / none),host_or_other_names,language(s),notes
1,nwQaU-agzFE,https://www.youtube.com/watch?v=nwQaU-agzFE,"Calm Is Your Superpower: Sri Preethaji On Destiny, Dharma & Money",preethaji,604,4.7,,,,,
2,x-mTRlE0TC4,https://www.youtube.com/watch?v=x-mTRlE0TC4,Ekam Co Creator Mukti Guru Sri Krishnaji Exclusive | Frankly Speaking With Navika Kumar,krishnaji,576,9.2,,,,,
3,V45jIC4RthQ,https://www.youtube.com/watch?v=V45jIC4RthQ,Life from a Stress-free Perspective: The Big Question | From Aging Anxiety to Ageless Joy,ekam,494,13.0,,,,,
4,1_-cZz8YRFw,https://www.youtube.com/watch?v=1_-cZz8YRFw,Transform Your Life by Forgiving Yourself | How Forgiveness Frees You: A Life-Changing Story | Ekam,preethaji_krishnaji,471,16.7,,,,,
5,ACvOem_B-Ek,https://www.youtube.com/watch?v=ACvOem_B-Ek,Video Transcript: ACvOem_B-Ek,preethaji_krishnaji,471,20.4,,,,,
6,vARTudIEq30,https://www.youtube.com/watch?v=vARTudIEq30,"Peace For Healing Economic Unrest | Ekam World Peace Festival | Day 01 - Sep 17, 2021, 6:00 PM IST",preethaji_krishnaji,452,23.9,,,,,
7,sMgbjxyrgqw,https://www.youtube.com/watch?v=sMgbjxyrgqw,Becoming a Dheera: Your Path to Courageous Awakening | The Path of Ekam: Living an Enlightened Life,ekam,451,27.4,,,,,
8,AR0r8B6Ga8E,https://www.youtube.com/watch?v=AR0r8B6Ga8E,KARMA CLEANSING CHANGES DESTINY ? PODCAST -SRI KRISHNA JI -EKAM @theonenessmovement  @preetikarao712,krishnaji,439,30.8,,,,,
9,nCkbv_lvFfg,https://www.youtube.com/watch?v=nCkbv_lvFfg,Sri Krishnaji on Creating Fearless Thinkers | Chronic Inflammation of the Mind: The Silent Killer,krishnaji,431,34.2,,,,,
10,kMc_kat7YLE,https://www.youtube.com/watch?v=kMc_kat7YLE,"Free Will or Divine Plan? Unbelievable Answer | Mastering Life: Aspirations, Balance & Inner Growth",ekam,425,37.5,,,,,
11,YkIBYppBtro,https://www.youtube.com/watch?v=YkIBYppBtro,3 Questions That'll Reveal Your Life's Purpose | Life Purpose & Connection: Secrets Revealed!,preethaji_krishnaji,409,40.7,,,,,
12,_GEMrEWCiXw,https://www.youtube.com/watch?v=_GEMrEWCiXw,Beyond Divisiveness: Awakening to Oneness | Unraveling Life's Maze with Sri Krishnaji,krishnaji,408,43.9,,,,,
13,mmpmX3-qfc4,https://www.youtube.com/watch?v=mmpmX3-qfc4,Why Your Life is Unfolding the Way It Is- Exploring Karma | Discover the Magic of Meditation,krishnaji,402,47.0,,,,,
14,U23yKxWbIcI,https://www.youtube.com/watch?v=U23yKxWbIcI,The POWER of an ENLIGHTENED MIND | Unveiling The Science Behind STRESS and HAPPINESS,krishnaji,396,50.1,,,,,
15,Lst4MvxPCx4,https://www.youtube.com/watch?v=Lst4MvxPCx4,Achieving True Freedom through Conscious Living | Sri Krishnaji shares Transformations,krishnaji,384,53.1,,,,,
16,beh0v5Odn6g,https://www.youtube.com/watch?v=beh0v5Odn6g,Toxic Friendships Vs Soulful Connections: Sri Krishnaji,krishnaji,365,55.9,,,,,
17,m-m2wMW4020,https://www.youtube.com/watch?v=m-m2wMW4020,Discover Inner Peace and Oneness: The Anatomy of Depression | Sri Preethaji & Sri Krishnaji,preethaji_krishnaji,348,58.6,,,,,
18,kf-IuHxVN7g,https://www.youtube.com/watch?v=kf-IuHxVN7g,Limitless Field Meditation with Preethaji & Krishnaji,preethaji_krishnaji,344,61.3,,,,,
19,UlOt31lBhLY,https://www.youtube.com/watch?v=UlOt31lBhLY,Manage Your Stress with Preethaji and Krishnaji’s Four Sacred Secrets,preethaji_krishnaji,341,64.0,,,,,
20,T3I8r_NU2Wk,https://www.youtube.com/watch?v=T3I8r_NU2Wk,Secret of the Mystics: Tapping into Abundance | Addiction To Freedom: A Journey of Love & Connection,ekam,331,66.6,,,,,
21,sCiK7ABPcrw,https://www.youtube.com/watch?v=sCiK7ABPcrw,Empowering Conscious Organizational Behaviour with Sri Preethaji,preethaji,306,68.9,,,,,
22,DmzZPgTh7_M,https://www.youtube.com/watch?v=DmzZPgTh7_M,How Anger Controls You: The Hard Truth | Women: A Force of Nature to be Celebrated,krishnaji,158,70.2,,,,,
23,3RyCldrCxL8,https://www.youtube.com/watch?v=3RyCldrCxL8,The Art of Destiny: A Journey Through the Four Pillars | Miracles & UI: A Mystic's Perspective,preethaji,155,71.4,,,,,
24,ECFRWVY8SGY,https://www.youtube.com/watch?v=ECFRWVY8SGY,Tapas HD,krishnaji,21,71.5,,,,,
25,ajMAwlKh3YM,https://www.youtube.com/watch?v=ajMAwlKh3YM,Breaking Your Mental Tethers | The Path to Enlightenment | Experience Love That Knows No Fear,ekam,18,71.7,,,,,
26,btbKcsb9Dzw,https://www.youtube.com/watch?v=btbKcsb9Dzw,Wealth Is Not Outside You | The Inner Shift That Changes,krishnaji,17,71.8,,,,,
27,CrZuPkgwA6Q,https://www.youtube.com/watch?v=CrZuPkgwA6Q,Video Transcript: CrZuPkgwA6Q,ekam,16,71.9,,,,,
28,MmiI3xo5Ju4,https://www.youtube.com/watch?v=MmiI3xo5Ju4,Peace Meditation for the young & intelligent   full version   English,preethaji_krishnaji,16,72.1,,,,,
29,BZDXIQwOPdU,https://www.youtube.com/watch?v=BZDXIQwOPdU,Discover How to Let Go of Anxiety & Be Joyful | The truth about the 'ideal body': Why it's a myth,ekam,16,72.2,,,,,
30,0z-IZ2ar4eA,https://www.youtube.com/watch?v=0z-IZ2ar4eA,IEC 2023 | Mukti Guru Sri Preethaji Co-Creator Of Ekam Speaks On Consciousness Superpower| Times now,preethaji,16,72.3,,,,,
31,wDaE92bNRNw,https://www.youtube.com/watch?v=wDaE92bNRNw,English Episode  02 (Addiction ),preethaji_krishnaji,15,72.4,,,,,
32,HtmLQkxj8ec,https://www.youtube.com/watch?v=HtmLQkxj8ec,Peace Meditation to End All War   English 20 min version,ekam,13,72.5,,,,,
33,UpeaTtqs7Oc,https://www.youtube.com/watch?v=UpeaTtqs7Oc,FOA - Field of Abundance | pkconsciousness,ekam,13,72.6,,,,,
34,rGcNJ_Nsuy8,https://www.youtube.com/watch?v=rGcNJ_Nsuy8,"What is True Love? Love is Connection, Not Expectation",krishnaji,13,72.7,,,,,
35,y-C_8_p_F5w,https://www.youtube.com/watch?v=y-C_8_p_F5w,Oneness Yoga Challenge | Day 01,ekam,13,72.8,,,,,
36,hUmlujE6SN0,https://www.youtube.com/watch?v=hUmlujE6SN0,What Most People Don't Know About Wealth and Purpose,krishnaji,13,72.9,,,,,
37,liMBvMgSPC8,https://www.youtube.com/watch?v=liMBvMgSPC8,The sacred mysteries of Ekam,ekam,12,73.0,,,,,
38,RAOQ3ZubQGM,https://www.youtube.com/watch?v=RAOQ3ZubQGM,The Force of Innovation | Preetha ji | TEDxCaohejingParkSalon,preethaji,12,73.1,,,,,
39,TqxxCYnAxo8,https://www.youtube.com/watch?v=TqxxCYnAxo8,"How to end stress, unhappiness and anxiety to live in a beautiful state | Preetha ji | TEDxKC",preethaji,12,73.2,,,,,
40,NFlAszNFZdQ,https://www.youtube.com/watch?v=NFlAszNFZdQ,"When the Inner State Changes, the Body Responds | Sri Preethaji & Motoko San",preethaji,11,73.3,,,,,
41,s-In3a1CAoI,https://www.youtube.com/watch?v=s-In3a1CAoI,The Sacred Mystery of Ekam,ekam,10,73.4,,,,,
42,8xJampnp9qc,https://www.youtube.com/watch?v=8xJampnp9qc,Limitless Field Meditation with Preethaji & Krishnaji for Courage & Healing - Hindi,preethaji_krishnaji,10,73.5,,,,,
43,JRX5W9AhWoA,https://www.youtube.com/watch?v=JRX5W9AhWoA,PEACE TO YOUNG PEOPLE,ekam,10,73.5,,,,,
44,dR7olu353VY,https://www.youtube.com/watch?v=dR7olu353VY,Ekam OFF 2018 Presentation Video | pkconsciousness,preethaji_krishnaji,10,73.6,,,,,
45,jGG6-a4IrNw,https://www.youtube.com/watch?v=jGG6-a4IrNw,Peace Meditation to End All War   English 10 min version,preethaji_krishnaji,10,73.7,,,,,
46,n3UBbCXJaJ0,https://www.youtube.com/watch?v=n3UBbCXJaJ0,PEACE TO MOTHER EARTH,ekam,10,73.8,,,,,
47,EFJZ2l5Rc10,https://www.youtube.com/watch?v=EFJZ2l5Rc10,Master the Abundance Mindset: Unveiling the 8 Facets of Wealth,preethaji_krishnaji,10,73.9,,,,,
48,Y7bp-LlC3CM,https://www.youtube.com/watch?v=Y7bp-LlC3CM,How to cope with high expectations from parents?,ekam,9,73.9,,,,,
49,zO8tQkjCpyc,https://www.youtube.com/watch?v=zO8tQkjCpyc,Sri Preethaji & Sri  Krishnaji's - The Great Soul Sync Meditation | pkconsciousness,preethaji_krishnaji,9,74.0,,,,,
50,uAPvGyjkrB8,https://www.youtube.com/watch?v=uAPvGyjkrB8,How to conquer depression?,ekam,9,74.1,,,,,
51,kYVY4_zxLVQ,https://www.youtube.com/watch?v=kYVY4_zxLVQ,Draupadi A dark beauty | Evolution During Crisis -54 with Preethaji and Krishnaji,preethaji_krishnaji,8,74.1,,,,,
52,8mmungGgDNw,https://www.youtube.com/watch?v=8mmungGgDNw,Are you facing an addiction ? | Evolution During Crisis -36 With Preethaji & Krishnaji,preethaji_krishnaji,8,74.2,,,,,
53,Ejcq9mNGJk0,https://www.youtube.com/watch?v=Ejcq9mNGJk0,Preethaji | Beautiful State | pkconsciousness,preethaji,8,74.2,,,,,
54,XzS56RqIxeE,https://www.youtube.com/watch?v=XzS56RqIxeE,Preethaji on Compassion | pkconsciousness,preethaji,8,74.3,,,,,
55,k5RDNv-CH9M,https://www.youtube.com/watch?v=k5RDNv-CH9M,Debug your mind | Evolution During Crisis -46 with Preethaji and Krishnaji,preethaji_krishnaji,8,74.4,,,,,
56,X-m1fDzX5Rc,https://www.youtube.com/watch?v=X-m1fDzX5Rc,True Love - Myth or Reality?,krishnaji,8,74.4,,,,,
57,mbhdVEKEbLg,https://www.youtube.com/watch?v=mbhdVEKEbLg,Oneness Yoga for Spiritual Fitness,preethaji_krishnaji,8,74.5,,,,,
58,g1tezETHrfY,https://www.youtube.com/watch?v=g1tezETHrfY,How did our ancients heal their bodies ?,ekam,8,74.6,,,,,
59,rRs__D_3mKY,https://www.youtube.com/watch?v=rRs__D_3mKY,Sri Preethaji & Sri Krishnaji (Co-creators of Ekam),preethaji_krishnaji,8,74.6,,,,,
60,zQjrjEYPsB8,https://www.youtube.com/watch?v=zQjrjEYPsB8,The Shift Into Freedom |  Oneness Stories,krishnaji,8,74.7,,,,,
61,cy7L7ru37HE,https://www.youtube.com/watch?v=cy7L7ru37HE,Lesson for wealth creators during Corona | Evolution During Crisis -5 With Preethaji & Krishnaji,preethaji_krishnaji,7,74.7,,,,,
62,_xRxSiooRnE,https://www.youtube.com/watch?v=_xRxSiooRnE,"""Understanding and Overcoming Depression  A Compassionate Conversation""",ekam,7,74.8,,,,,
63,QpmmGqGoo-8,https://www.youtube.com/watch?v=QpmmGqGoo-8,Peace Yoga -Synchronize breath and movement,ekam,7,74.8,,,,,
64,RMpAflHYP2g,https://www.youtube.com/watch?v=RMpAflHYP2g,Our Girls Our Future,ekam,7,74.9,,,,,
65,zFOxZ2oo8-U,https://www.youtube.com/watch?v=zFOxZ2oo8-U,𝐔𝐍𝐂𝐋𝐔𝐓𝐓𝐄𝐑 𝐘𝐎𝐔𝐑 𝐌𝐈𝐍𝐃 | 𝐏𝐊𝐂𝐎𝐍𝐒𝐂𝐈𝐎𝐔𝐒𝐍𝐄𝐒𝐒,ekam,7,75.0,,,,,
66,HCs6I_BNtxo,https://www.youtube.com/watch?v=HCs6I_BNtxo,How to differentiate between possessive love & unconditional love?,ekam,7,75.0,,,,,
67,VP9mfCJBX_Y,https://www.youtube.com/watch?v=VP9mfCJBX_Y,School and Peace,ekam,7,75.1,,,,,
68,q15gR1aGjVs,https://www.youtube.com/watch?v=q15gR1aGjVs,We are One - Evolution Series 106 with Sri Preethaji & Sri Krishnaji,preethaji_krishnaji,7,75.1,,,,,
69,BkM7IcqUaj0,https://www.youtube.com/watch?v=BkM7IcqUaj0,Engaged Spirituality that will transform your life |Evolution Series | Sri Preethaji & Sri Krishnaji,preethaji_krishnaji,7,75.2,,,,,
70,h5XzWxcWrtU,https://www.youtube.com/watch?v=h5XzWxcWrtU,Are you an aggressor or a victim? or both ?,ekam,7,75.2,,,,,
71,X1mtpheWDhs,https://www.youtube.com/watch?v=X1mtpheWDhs,Peaceful Death,ekam,7,75.3,,,,,
72,hPALIQJXMFg,https://www.youtube.com/watch?v=hPALIQJXMFg,The most important thing leaders and entrepreneurs needs to learn for business success,ekam,7,75.3,,,,,
73,smrj15-QOAI,https://www.youtube.com/watch?v=smrj15-QOAI,MANIFEST MYSTIC ABUNDANCE MANIFEST WEALTH,ekam,7,75.4,,,,,
74,BtXOk3KUBd0,https://www.youtube.com/watch?v=BtXOk3KUBd0,Witness Consciousness,preethaji_krishnaji,7,75.4,,,,,
75,Z7w7soyXmHs,https://www.youtube.com/watch?v=Z7w7soyXmHs,What does it take to have a Happy Family ? Evolution During Crisis 60 with Preethaji and Krishnaji,preethaji_krishnaji,7,75.5,,,,,
76,Oy-j2w6haoA,https://www.youtube.com/watch?v=Oy-j2w6haoA,Immeasurable spiritual power in women,ekam,7,75.6,,,,,
77,OZiElH5pKmo,https://www.youtube.com/watch?v=OZiElH5pKmo,Speak Peace Spread Peace,ekam,7,75.6,,,,,
78,5ia1FNUN6fk,https://www.youtube.com/watch?v=5ia1FNUN6fk,𝐄𝐊𝐀𝐌 𝐀𝐁𝐔𝐍𝐃𝐀𝐍𝐂𝐄 𝐅𝐄𝐒𝐓𝐈𝐕𝐀𝐋 - 𝟑,preethaji_krishnaji,7,75.7,,,,,
79,nsUkTKmx2dI,https://www.youtube.com/watch?v=nsUkTKmx2dI,Are You Stuck in a Habit or an Addiction ?,ekam,7,75.7,,,,,
80,a_qokyTjobo,https://www.youtube.com/watch?v=a_qokyTjobo,Our Future Our Children,preethaji_krishnaji,7,75.8,,,,,
81,We6ENmiSSwI,https://www.youtube.com/watch?v=We6ENmiSSwI,Should I say yes or no to my family,ekam,7,75.8,,,,,
82,qQmrTz6i2x4,https://www.youtube.com/watch?v=qQmrTz6i2x4,Rejuvenate,ekam,7,75.9,,,,,
83,igSp4H0OWLE,https://www.youtube.com/watch?v=igSp4H0OWLE,Serene Mind Practice  - A Oneness Meditation,ekam,7,75.9,,,,,
84,AxlmYK0B9Yw,https://www.youtube.com/watch?v=AxlmYK0B9Yw,Is Addiction A Modern Problem? Learn From Sri Krishnaji,preethaji_krishnaji,7,76.0,,,,,
85,rY83MZu--ck,https://www.youtube.com/watch?v=rY83MZu--ck,How can I activate different regions of my brain?,ekam,7,76.0,,,,,
86,XK2Wna2YG6Y,https://www.youtube.com/watch?v=XK2Wna2YG6Y,Soul Sync For Peace,preethaji_krishnaji,7,76.1,,,,,
87,3OjpANs8PDw,https://www.youtube.com/watch?v=3OjpANs8PDw,From Disconnection To Being One | pkconsciousness,preethaji_krishnaji,7,76.2,,,,,
88,jHsA3IlRCm4,https://www.youtube.com/watch?v=jHsA3IlRCm4,Enlightenment for a Connected Universe,ekam,7,76.2,,,,,
89,AHbh4mzrwUQ,https://www.youtube.com/watch?v=AHbh4mzrwUQ,How to open Hearts ?,ekam,7,76.3,,,,,
90,1jLbPyOnpjo,https://www.youtube.com/watch?v=1jLbPyOnpjo,Prioritize your health | Ekam Oneness,ekam,7,76.3,,,,,
91,4HRL8IxADhg,https://www.youtube.com/watch?v=4HRL8IxADhg,Field of Abundance course Miami2 | pkconsciousness,preethaji_krishnaji,7,76.4,,,,,
92,RgE2ryZsE3s,https://www.youtube.com/watch?v=RgE2ryZsE3s,How to find deeper connection and stop being a prisoner in your own life ?,ekam,7,76.4,,,,,
93,9wm4ey4OX8g,https://www.youtube.com/watch?v=9wm4ey4OX8g,Oneness Youth Festival,preethaji_krishnaji,7,76.5,,,,,
94,R3ZRYoTxhUE,https://www.youtube.com/watch?v=R3ZRYoTxhUE,Oneness -The solution,ekam,7,76.5,,,,,
95,rXkyO0fOOLE,https://www.youtube.com/watch?v=rXkyO0fOOLE,About Sri Preethaji & Sri Krishnaji,preethaji_krishnaji,7,76.6,,,,,
96,jEg3pQmKBIw,https://www.youtube.com/watch?v=jEg3pQmKBIw,"Dear Soulmate, Where are you? | pkconsciousness | Krishnaji | Preethaji",preethaji_krishnaji,7,76.6,,,,,
97,ApX7lGnn-2U,https://www.youtube.com/watch?v=ApX7lGnn-2U,Experience Abundance Consciousness: How Equanimity Opens the Door to Fortune,ekam,7,76.7,,,,,
98,cD6Wi47E0hk,https://www.youtube.com/watch?v=cD6Wi47E0hk,International Yoga Day,ekam,7,76.8,,,,,
99,uNkgwv4dqEs,https://www.youtube.com/watch?v=uNkgwv4dqEs,Peace of mind ?,ekam,7,76.8,,,,,
100,iikr2xzAK6Y,https://www.youtube.com/watch?v=iikr2xzAK6Y,Oneness Peace Meditation - 10 Minutes,preethaji_krishnaji,7,76.9,,,,,
101,w2qbJB6ie9Y,https://www.youtube.com/watch?v=w2qbJB6ie9Y,Krishnaji | One Consciousness Business Circle | pkconsciousness,krishnaji,7,76.9,,,,,
102,xNzBwpLBtSs,https://www.youtube.com/watch?v=xNzBwpLBtSs,Kundalini: The Gateway to Higher Consciousness,ekam,7,77.0,,,,,
103,fdPQxZsPAwI,https://www.youtube.com/watch?v=fdPQxZsPAwI,What is the one thing you can do today to reduce your stress level tonight? Learn from SriPreethaji,ekam,7,77.0,,,,,
104,sOv9ISMIRQ0,https://www.youtube.com/watch?v=sOv9ISMIRQ0,Manifest Beginning Energies Manifest Miracles,krishnaji,7,77.1,,,,,
105,Q6VqxNlagpQ,https://www.youtube.com/watch?v=Q6VqxNlagpQ,Manifest Anahata Chakra Activation,ekam,7,77.1,,,,,
106,leypd9opVSc,https://www.youtube.com/watch?v=leypd9opVSc,Awakening Child Promo,ekam,7,77.2,,,,,
107,Y7p7jHP0Ii0,https://www.youtube.com/watch?v=Y7p7jHP0Ii0,The Story of Deeksha Phenomenon,preethaji_krishnaji,7,77.2,,,,,
108,wKYEvQZ03Po,https://www.youtube.com/watch?v=wKYEvQZ03Po,Can You Truly Heal Relationships? Explore with Manifest Family Harmony,ekam,7,77.3,,,,,
109,AwDC-VZWfzU,https://www.youtube.com/watch?v=AwDC-VZWfzU,Glory of being Human- on international day of happiness,preethaji_krishnaji,7,77.4,,,,,
110,glXpHbwhQA4,https://www.youtube.com/watch?v=glXpHbwhQA4,Activate Your Abhaya Chakra: Open Your Heart to fearlessness,ekam,7,77.4,,,,,
111,uA7E_SUdtM8,https://www.youtube.com/watch?v=uA7E_SUdtM8,Are Emotional Wounds Objective?,ekam,7,77.5,,,,,
112,owC8E_G2fY4,https://www.youtube.com/watch?v=owC8E_G2fY4,Oneness Abundance Festiva l Riddhi - Siddhi - Buddhi,krishnaji,7,77.5,,,,,
113,2X0BCy1bRcU,https://www.youtube.com/watch?v=2X0BCy1bRcU,Awakened Parenting: Shape Your Unborn Child | Birthing An Awakened Child Trailer,preethaji_krishnaji,7,77.6,,,,,
114,ULID4U_e3TU,https://www.youtube.com/watch?v=ULID4U_e3TU,Make millions think Peace,ekam,7,77.6,,,,,
115,mvSrmuOyRYQ,https://www.youtube.com/watch?v=mvSrmuOyRYQ,Simple Steps to become free of stress and anxiety,ekam,7,77.7,,,,,
116,x1KyU5MVHu4,https://www.youtube.com/watch?v=x1KyU5MVHu4,Enlightenment: The solution to world’s problems,ekam,7,77.7,,,,,
117,zXjwi5tTcno,https://www.youtube.com/watch?v=zXjwi5tTcno,ELIMINATE VIOLENCE FROM THE MINDS OF THE YOUNG- DAY 4,ekam,7,77.8,,,,,
118,5RcKCxfLEHM,https://www.youtube.com/watch?v=5RcKCxfLEHM,Mukti Guru Sri Krishnaji Exclusive - Transformative Power of Oneness,preethaji_krishnaji,7,77.8,,,,,
119,z0iCoqwZE_U,https://www.youtube.com/watch?v=z0iCoqwZE_U,The most important secret for great decision making,ekam,7,77.9,,,,,
120,4_Fqfew1PRk,https://www.youtube.com/watch?v=4_Fqfew1PRk,How To Be Present To Everything In Life?,preethaji,7,78.0,,,,,
121,zPrI0q34qw8,https://www.youtube.com/watch?v=zPrI0q34qw8,Silencing The Mind | Ekam World Peace Festival 2021 | Sri Preethaji & Sri Krishnaji |,preethaji_krishnaji,7,78.0,,,,,
122,7Pfat_DztMI,https://www.youtube.com/watch?v=7Pfat_DztMI,Why meditate ? and where to begin ? | Evolution During Crisis -20 With Preethaji & Krishnaji,preethaji_krishnaji,7,78.1,,,,,
123,d_IIBZd-xAQ,https://www.youtube.com/watch?v=d_IIBZd-xAQ,BECOME A DEEKSHA GIVER,ekam,7,78.1,,,,,
124,AQUZcU5L9xE,https://www.youtube.com/watch?v=AQUZcU5L9xE,Field Of Abundance | How Do Our Lives Leapfrog To The Next Level Of Perfection - pkconsciousness,ekam,7,78.2,,,,,
125,cHAJiF2byzg,https://www.youtube.com/watch?v=cHAJiF2byzg,This illusion of privacy or freedom | Evolution During Crisis -30 With Preethaji & Krishnaji,preethaji_krishnaji,7,78.2,,,,,
126,9-NMv5E-18s,https://www.youtube.com/watch?v=9-NMv5E-18s,Navratri The power of Goddess of wealth |Evolution Series 82 with Preethaji & Krishnaji,preethaji_krishnaji,7,78.3,,,,,
127,yc-Qs4eiZ2U,https://www.youtube.com/watch?v=yc-Qs4eiZ2U,What meditation can you teach your children ?,ekam,7,78.3,,,,,
128,V1IuTlEU1ic,https://www.youtube.com/watch?v=V1IuTlEU1ic,Embracing Paradoxes: The Quantum Reality of Enlightenment,ekam,7,78.4,,,,,
129,Qr_pw4E-REk,https://www.youtube.com/watch?v=Qr_pw4E-REk,What you must know if you want to be free of stress & anxiety | Learn from Sri Krishnaji,preethaji_krishnaji,7,78.4,,,,,
130,bHd9dYS6UiU,https://www.youtube.com/watch?v=bHd9dYS6UiU,"Receive the gift of a beautiful life - Field of Abundance, Boca Raton, Florida | pkconsciousness",ekam,7,78.5,,,,,
131,zGOKGrTNlk4,https://www.youtube.com/watch?v=zGOKGrTNlk4,From Suffering To a Serene Mind,ekam,7,78.6,,,,,
132,nen-DB_tz4M,https://www.youtube.com/watch?v=nen-DB_tz4M,Lonely and Depressed ? Find Peace,ekam,7,78.6,,,,,
133,PxTeZh0w1Go,https://www.youtube.com/watch?v=PxTeZh0w1Go,Activating the Manipura Chakra Field,ekam,7,78.7,,,,,
134,uPm6kDwrjSY,https://www.youtube.com/watch?v=uPm6kDwrjSY,Serene Mind Meditation For Ekam Youth Change Makers,ekam,7,78.7,,,,,
135,E8N04l1Lptk,https://www.youtube.com/watch?v=E8N04l1Lptk,How to find completeness in life?,preethaji_krishnaji,7,78.8,,,,,
136,WfiHrS5Kjj8,https://www.youtube.com/watch?v=WfiHrS5Kjj8,Ekam Experience - Enlightenment,ekam,7,78.8,,,,,
137,2U2GS7IkE8c,https://www.youtube.com/watch?v=2U2GS7IkE8c,Access the power of intelligence,preethaji_krishnaji,7,78.9,,,,,
138,U1qRvz3hnMA,https://www.youtube.com/watch?v=U1qRvz3hnMA,Our Girls Our Future | Evolution Series 76 with Preethaji & Krishnaji,preethaji_krishnaji,7,78.9,,,,,
139,7BLsD_meNzw,https://www.youtube.com/watch?v=7BLsD_meNzw,Pleaser - Is this you? | Sri Krishnaji N Youth | Sri Preethaji & Sri Krishnaji,preethaji_krishnaji,7,79.0,,,,,
140,mz8Mb0MvBz4,https://www.youtube.com/watch?v=mz8Mb0MvBz4,Discover the secret to an amazing family  |  Learn From Sri Preethaji,preethaji,7,79.0,,,,,
141,sO6_webPTdg,https://www.youtube.com/watch?v=sO6_webPTdg,Mantra For Wealth   | Evolution During Crisis -57 with Preethaji and Krishnaji,preethaji_krishnaji,7,79.1,,,,,
142,M6NGzhww27o,https://www.youtube.com/watch?v=M6NGzhww27o,Voices of Enlightenment | Sri Preethaji & Sri Krishnaji,preethaji_krishnaji,7,79.2,,,,,
143,c2oUDKf6ndo,https://www.youtube.com/watch?v=c2oUDKf6ndo,INDIVIDUAL AND THE WORLD ARE ONE IN CONSCIOUSNESS,ekam,7,79.2,,,,,
144,avCLyAi9DeY,https://www.youtube.com/watch?v=avCLyAi9DeY,Pkconsciousness - How to give Deeksha after initiation,ekam,7,79.3,,,,,
145,nHDXMZLLQyY,https://www.youtube.com/watch?v=nHDXMZLLQyY,Oneness Abundance Festival Siddhi dimension glimpses,ekam,7,79.3,,,,,
146,4ytgjpow498,https://www.youtube.com/watch?v=4ytgjpow498,Become a smart cookie | Soul Sync Meditation Challenge - 1  with Preethaji,preethaji_krishnaji,7,79.4,,,,,
147,5daxvIoDLVU,https://www.youtube.com/watch?v=5daxvIoDLVU,Stand for peace,preethaji_krishnaji,7,79.4,,,,,
148,QAnRefsK-3Y,https://www.youtube.com/watch?v=QAnRefsK-3Y,Become a Conscious Wealth Creator | Evolution Series | Sri Preethaji & Sri Krishnaji,preethaji_krishnaji,7,79.5,,,,,
149,pTw6RbHzm-U,https://www.youtube.com/watch?v=pTw6RbHzm-U,CREATING PEACE FOR OUR NEXT GENERATION  -  pkconsciousness,preethaji_krishnaji,7,79.5,,,,,
150,y4ZR5U8VuQY,https://www.youtube.com/watch?v=y4ZR5U8VuQY,Youth and unemployment | Evolution During Crisis -38 With Preethaji & Krishnaji,preethaji_krishnaji,7,79.6,,,,,
151,Wua3xtO-oys,https://www.youtube.com/watch?v=Wua3xtO-oys,Transformative Awakening: The Power of Self-Discovery,ekam,7,79.6,,,,,
152,dd1OcfbBTh4,https://www.youtube.com/watch?v=dd1OcfbBTh4,Manifest Beginning Energies Manifest Miracles,krishnaji,7,79.7,,,,,
153,0Spa0u4IyLE,https://www.youtube.com/watch?v=0Spa0u4IyLE,MANIFEST YOGIC VITALITY MANIFEST HEALTH,ekam,7,79.8,,,,,
154,mJOReEqkgMM,https://www.youtube.com/watch?v=mJOReEqkgMM,Secrets to Vitality: Awaken Your Surya Chakra,ekam,7,79.8,,,,,
155,qPKICCU7Wec,https://www.youtube.com/watch?v=qPKICCU7Wec,How can I be good at decision making?,ekam,7,79.9,,,,,
156,AyUE-2Uh5Vg,https://www.youtube.com/watch?v=AyUE-2Uh5Vg,Krishnaji & Gregg Braden On Power of Collective Meditation,krishnaji,7,79.9,,,,,
157,4eV8OvVEm6A,https://www.youtube.com/watch?v=4eV8OvVEm6A,Universal Intelligence breaks down if we think with our brain or our heart,preethaji_krishnaji,7,80.0,,,,,
158,K-AFDVOkIoE,https://www.youtube.com/watch?v=K-AFDVOkIoE,Earth day Sustainability at home | Evolution During Crisis -25 With Preethaji & Krishnaji,preethaji_krishnaji,7,80.0,,,,,
159,fiABnex9O6Y,https://www.youtube.com/watch?v=fiABnex9O6Y,Krishnaji on what will be the various stages of my journey to awakening | pkconsciousness,krishnaji,7,80.1,,,,,
160,rKoXeKg0y1Q,https://www.youtube.com/watch?v=rKoXeKg0y1Q,World Peace - For The Emergence of  A New Age,ekam,7,80.1,,,,,
161,o6X1TVEFHAY,https://www.youtube.com/watch?v=o6X1TVEFHAY,Oneness Abundance Festival,ekam,7,80.2,,,,,
162,5qA5ibrq9NU,https://www.youtube.com/watch?v=5qA5ibrq9NU,Peace Yoga | Ekam World Peace Festival 2021 | Sri Preethaji & Sri Krishnaji,preethaji_krishnaji,7,80.2,,,,,
163,1PlGMOAypCI,https://www.youtube.com/watch?v=1PlGMOAypCI,Making the right choice | Evolution During Crisis -53 with Preethaji and Krishnaji,preethaji_krishnaji,7,80.3,,,,,
164,_KtWOkUsy1w,https://www.youtube.com/watch?v=_KtWOkUsy1w,"Deeksha givers of every nation, let us invite immeasurable grace to heal our planet.",preethaji,7,80.4,,,,,
165,fj2_d2lNGVk,https://www.youtube.com/watch?v=fj2_d2lNGVk,How to heal  depression ?,ekam,7,80.4,,,,,
166,f8iC_C6rop0,https://www.youtube.com/watch?v=f8iC_C6rop0,Why is not God helping me out of my problems?,ekam,7,80.5,,,,,
167,wZ9FcYgjbPM,https://www.youtube.com/watch?v=wZ9FcYgjbPM,Ekam Abundance Festival Day 7 | pkconsciousness,ekam,7,80.5,,,,,
168,mpLJPUifTNA,https://www.youtube.com/watch?v=mpLJPUifTNA,Peace - A Living Reality,krishnaji,7,80.6,,,,,
169,zPsun8EkA2s,https://www.youtube.com/watch?v=zPsun8EkA2s,Beautiful state and wealth creation | Evolution During Crisis -35 With Preethaji & Krishnaji,preethaji_krishnaji,7,80.6,,,,,
170,H_uhawaiO3E,https://www.youtube.com/watch?v=H_uhawaiO3E,The Story of Suryanamaskara | Evolution During Crisis -50 with Preethaji and Krishnaji,preethaji_krishnaji,7,80.7,,,,,
171,YtkxNkrfJWg,https://www.youtube.com/watch?v=YtkxNkrfJWg,In Flow with Life | pkconsciousness,preethaji_krishnaji,7,80.7,,,,,
172,5hNCT4duOgc,https://www.youtube.com/watch?v=5hNCT4duOgc,Meditations for Calm,ekam,7,80.8,,,,,
173,zGhlBQ8iWl4,https://www.youtube.com/watch?v=zGhlBQ8iWl4,Is it a just world for Women ? | Evolution Series 64 with Preethaji & Krishnaji,preethaji_krishnaji,7,80.8,,,,,
174,zp2w7DTmOwc,https://www.youtube.com/watch?v=zp2w7DTmOwc,Dheera - The Courageous  One | Evolution Series 98 with Sri Preethaji & Sri Krishnaji,preethaji_krishnaji,7,80.9,,,,,
175,N0EoDEdWKA4,https://www.youtube.com/watch?v=N0EoDEdWKA4,Awaken The Mystic Fire – Kundalini,preethaji,7,81.0,,,,,
176,j7EZJwH8uCM,https://www.youtube.com/watch?v=j7EZJwH8uCM,Embracing Wholeness for Great Health,ekam,7,81.0,,,,,
177,pPHQMD3w9-s,https://www.youtube.com/watch?v=pPHQMD3w9-s,Global crisis & your state of consciousness | Evolution During Crisis -29 With Preethaji & Krishnaji,preethaji_krishnaji,7,81.1,,,,,
178,zlxVrlARMEI,https://www.youtube.com/watch?v=zlxVrlARMEI,My Story of Transformation - Joyce Sinclair USA | pkconsciousness,ekam,7,81.1,,,,,
179,1WgqAO8AmsY,https://www.youtube.com/watch?v=1WgqAO8AmsY,Manifest the Temporal lobes chakras energy (Kapola chakras),ekam,7,81.2,,,,,
180,UZHSssZflFQ,https://www.youtube.com/watch?v=UZHSssZflFQ,Chit Shakti | Evolution During Crisis -18 with Preethaji & Krishnaji,preethaji_krishnaji,7,81.2,,,,,
181,YxglvjuoMZI,https://www.youtube.com/watch?v=YxglvjuoMZI,"""Unravel the Secrets of Abundance: Mystical Insights on Wealth & Consciousness""",ekam,7,81.3,,,,,
182,u3xrPJu51SM,https://www.youtube.com/watch?v=u3xrPJu51SM,Empower your team with Sri Preethaji's Serene Mind Practice and create a joyful workplace.,preethaji,7,81.3,,,,,
183,d3pf-MPqRKY,https://www.youtube.com/watch?v=d3pf-MPqRKY,THE WEALTH MANIFEST,ekam,7,81.4,,,,,
184,Q4QyNologtw,https://www.youtube.com/watch?v=Q4QyNologtw,DISCOVER YOUR PASSION,ekam,7,81.4,,,,,
185,1sMxPhQcvEA,https://www.youtube.com/watch?v=1sMxPhQcvEA,Types of Meditation,preethaji_krishnaji,7,81.5,,,,,
186,oZRQoiRe7s4,https://www.youtube.com/watch?v=oZRQoiRe7s4,Why are my family members moving away from me?,preethaji_krishnaji,7,81.6,,,,,
187,BLvi5n274XY,https://www.youtube.com/watch?v=BLvi5n274XY,Field of Abundance -The power of Transformed Consciousness | pkconsciousness,preethaji_krishnaji,7,81.6,,,,,
188,8IScMLY_yLY,https://www.youtube.com/watch?v=8IScMLY_yLY,An ancient path to enlightenment| PK Consciousness,ekam,7,81.7,,,,,
189,3qEON3iXjNM,https://www.youtube.com/watch?v=3qEON3iXjNM,Ekam | EAF  | Ekam Abundance Festival - pkconsciousness,preethaji_krishnaji,7,81.7,,,,,
190,3weAVHuSCxg,https://www.youtube.com/watch?v=3weAVHuSCxg,Find the peace you need,ekam,7,81.8,,,,,
191,beadZEtxtcs,https://www.youtube.com/watch?v=beadZEtxtcs,Celebrate the power of Oneness,ekam,7,81.8,,,,,
192,UgQV_5FjPNk,https://www.youtube.com/watch?v=UgQV_5FjPNk,Awaken to Peace,ekam,7,81.9,,,,,
193,tl31QISheOc,https://www.youtube.com/watch?v=tl31QISheOc,How can parents heal their children?,ekam,7,81.9,,,,,
194,pk4MA5aOSOY,https://www.youtube.com/watch?v=pk4MA5aOSOY,My Story of Transformation David Brady - UK | pkconsciousness,ekam,7,82.0,,,,,
195,odNtpKqbCQo,https://www.youtube.com/watch?v=odNtpKqbCQo,Youth and Peace,ekam,7,82.0,,,,,
196,obK5uqYXOJU,https://www.youtube.com/watch?v=obK5uqYXOJU,The Myth of Infinite | Evolution During Crisis -34 With Preethaji & Krishnaji,preethaji_krishnaji,7,82.1,,,,,
197,05wF2qqUVnI,https://www.youtube.com/watch?v=05wF2qqUVnI,3 Indispensable lessons for your success,preethaji_krishnaji,7,82.2,,,,,
198,6YexvWyPC6k,https://www.youtube.com/watch?v=6YexvWyPC6k,Heartfelt Connection,preethaji_krishnaji,7,82.2,,,,,
199,bVcY8fIlDa4,https://www.youtube.com/watch?v=bVcY8fIlDa4,Oneness Abundance Festival,ekam,7,82.3,,,,,
200,vZGe4g66rw4,https://www.youtube.com/watch?v=vZGe4g66rw4,The 'Self-Love Manifest' is Coming,krishnaji,7,82.3,,,,,
201,2RES9QrbVMA,https://www.youtube.com/watch?v=2RES9QrbVMA,Intelligence Manifest  - Youth,preethaji_krishnaji,7,82.4,,,,,
202,Ao8Rhhl9E8k,https://www.youtube.com/watch?v=Ao8Rhhl9E8k,Inhale Peace Exhale division | Evolution Series 73 with Preethaji & Krishnaji,preethaji_krishnaji,7,82.4,,,,,
203,qDSfb0DZ0PE,https://www.youtube.com/watch?v=qDSfb0DZ0PE,Awakening | | Evolution Series 69 with Preethaji & Krishnaji,preethaji_krishnaji,7,82.5,,,,,
204,pJXS28Odaqs,https://www.youtube.com/watch?v=pJXS28Odaqs,HOW DO I BECOME FREE OF THE IMPACT OF EMOTIONAL ABUSE AS A CHILD?,krishnaji,7,82.5,,,,,
205,H9A7Olg_QCo,https://www.youtube.com/watch?v=H9A7Olg_QCo,Reviving the ancient yogic techniques | PK Consciousness,preethaji,7,82.6,,,,,
206,93evJf7Il-c,https://www.youtube.com/watch?v=93evJf7Il-c,Driven Success from anger,preethaji_krishnaji,7,82.6,,,,,
207,WOKBogNTmPI,https://www.youtube.com/watch?v=WOKBogNTmPI,OCBC | One Consciousness Business Circle | pkconsciousness,ekam,7,82.7,,,,,
208,_fi53IYfitg,https://www.youtube.com/watch?v=_fi53IYfitg,Ekam Peace Experience | pkconsciousness,ekam,7,82.8,,,,,
209,nCK4-w8xu9Y,https://www.youtube.com/watch?v=nCK4-w8xu9Y,𝐓𝐇𝐄 𝐈𝐍𝐒𝐈𝐃𝐄 𝐌𝐀𝐓𝐓𝐄𝐑𝐒 | 𝐏𝐊𝐂𝐎𝐍𝐒𝐂𝐈𝐎𝐔𝐒𝐍𝐄𝐒𝐒,ekam,7,82.8,,,,,
210,MIF1XIgr-IQ,https://www.youtube.com/watch?v=MIF1XIgr-IQ,I am disconnected with my partner. What should I do?,ekam,7,82.9,,,,,
211,j66VV2XKBJk,https://www.youtube.com/watch?v=j66VV2XKBJk,EKAM WORLD PEACE FESTIVAL,ekam,7,82.9,,,,,
212,bCzjP2UaKRI,https://www.youtube.com/watch?v=bCzjP2UaKRI,Why this deep unsettling loneliness? | Evolution During Crisis -28 With Preethaji & Krishnaji,preethaji_krishnaji,7,83.0,,,,,
213,tCWfCISvo5k,https://www.youtube.com/watch?v=tCWfCISvo5k,PEACE BETWEEN NATIONS,ekam,7,83.0,,,,,
214,a3sAeqXrCYI,https://www.youtube.com/watch?v=a3sAeqXrCYI,Enlightenment - The Ultimate Gift From Your Guru,ekam,7,83.1,,,,,
215,k1qCouxaNjQ,https://www.youtube.com/watch?v=k1qCouxaNjQ,A transformative journey of healing and connection.,ekam,7,83.1,,,,,
216,bh_kjn-1CAY,https://www.youtube.com/watch?v=bh_kjn-1CAY,Follow your Passion,preethaji_krishnaji,7,83.2,,,,,
217,IaOyZ0KPlUU,https://www.youtube.com/watch?v=IaOyZ0KPlUU,"The Sacred Nature of Ghee: Beyond Health, into the Realm of Spirituality with Sri Preethaji",preethaji,7,83.2,,,,,
218,XMzZe5aEmTo,https://www.youtube.com/watch?v=XMzZe5aEmTo,Harmony and Equal dignity | Evolution During Crisis -41 with Preethaji and Krishnaji,preethaji_krishnaji,7,83.3,,,,,
219,4LIZkNHlNaM,https://www.youtube.com/watch?v=4LIZkNHlNaM,Peace Between Nations,preethaji_krishnaji,7,83.4,,,,,
220,ve_KEcn9Ues,https://www.youtube.com/watch?v=ve_KEcn9Ues,Spiritual warriors embark on an inner journey,ekam,7,83.4,,,,,
221,7lggUuJtZXY,https://www.youtube.com/watch?v=7lggUuJtZXY,BE A COMPASS OF WEALTH | PKCONSCIOUSNESS,ekam,7,83.5,,,,,
222,9id3ygnEhh8,https://www.youtube.com/watch?v=9id3ygnEhh8,Field of Abundance - Lindau 2 | pkconsciousness,preethaji_krishnaji,7,83.5,,,,,
223,rux7GLCqLWQ,https://www.youtube.com/watch?v=rux7GLCqLWQ,Your Path to Inner Peace,ekam,7,83.6,,,,,
224,WkkKW_mbWQI,https://www.youtube.com/watch?v=WkkKW_mbWQI,The Field of Abundance | My Story of Transformation - David | pkconsciousness,ekam,7,83.6,,,,,
225,tegTDWT3SDc,https://www.youtube.com/watch?v=tegTDWT3SDc,Field of Awakening-Freedom is Now!,ekam,7,83.7,,,,,
226,zDOS3wCWea8,https://www.youtube.com/watch?v=zDOS3wCWea8,"Birth, Death, and Beyond: The Enlightened Consciousness Perspective",ekam,7,83.7,,,,,
227,1e0yk20hF7Y,https://www.youtube.com/watch?v=1e0yk20hF7Y,Oneness Abundance festival | Riddhi - Siddhi -Buddhi | Ekam,preethaji_krishnaji,6,83.8,,,,,
228,DnllMgFybyQ,https://www.youtube.com/watch?v=DnllMgFybyQ,My Story of Transformation - Rob Sprinz | Arizona | pkconsciousness,ekam,6,83.8,,,,,
229,4QL5Djtikmw,https://www.youtube.com/watch?v=4QL5Djtikmw,The Varied Visions of The Divine Hindu Perspectives,ekam,6,83.9,,,,,
230,izjxTA_-mNs,https://www.youtube.com/watch?v=izjxTA_-mNs,The Vision Of Oneness,ekam,6,83.9,,,,,
231,8CgS_ANm26Y,https://www.youtube.com/watch?v=8CgS_ANm26Y,What is driving you to create wealth ? | Evolution Series 115 with Sri Preethaji & Sri Krishnaji,preethaji_krishnaji,6,84.0,,,,,
232,vrXmfCUvigs,https://www.youtube.com/watch?v=vrXmfCUvigs,How to silence the continuous chatter of the mind?,ekam,6,84.0,,,,,
233,P6gff20GmPQ,https://www.youtube.com/watch?v=P6gff20GmPQ,Vedakamala - The Sacred Installation,krishnaji,6,84.1,,,,,
234,PNH5hdUnXks,https://www.youtube.com/watch?v=PNH5hdUnXks,Peace Prayer | Ekam World Peace Festival 2021 | Sri Preethaji & Sri Krishnaji,preethaji_krishnaji,6,84.1,,,,,
235,LrMyaDh_MSo,https://www.youtube.com/watch?v=LrMyaDh_MSo,Experience Kundalini Awakening with Oneness Chakra Yoga Challenge,ekam,6,84.2,,,,,
236,3HytZ8tSiYE,https://www.youtube.com/watch?v=3HytZ8tSiYE,The Complaining Mind Trap: How Constant Judging Blocks Abundance,preethaji_krishnaji,6,84.2,,,,,
237,_XDcXdBDZ0c,https://www.youtube.com/watch?v=_XDcXdBDZ0c,Beat your Boredom | Evolution During Crisis -3 With Preethaji & Krishnaji,preethaji_krishnaji,6,84.3,,,,,
238,vhLVeSDWB5M,https://www.youtube.com/watch?v=vhLVeSDWB5M,Lay the groundwork for Peace,ekam,6,84.3,,,,,
239,COmWEGiu9Hg,https://www.youtube.com/watch?v=COmWEGiu9Hg,Dissolve Childhood hurts,preethaji_krishnaji,6,84.3,,,,,
240,nlimcAFzAQE,https://www.youtube.com/watch?v=nlimcAFzAQE,pkconsciousness  | krishnaji on what is Awakening and why do you call it so ?,krishnaji,6,84.4,,,,,
241,B9LZcfD-blU,https://www.youtube.com/watch?v=B9LZcfD-blU,"Youth, The Real changemakers",preethaji_krishnaji,6,84.4,,,,,
242,8Lp2qPXYix4,https://www.youtube.com/watch?v=8Lp2qPXYix4,Enlightenment for the new world | PK Consciousness | Sri Krishnaji,preethaji_krishnaji,6,84.5,,,,,
243,lZTaw-5V_mc,https://www.youtube.com/watch?v=lZTaw-5V_mc,Ekam - The Oneness Field,krishnaji,6,84.5,,,,,
244,CZ_r5sYeTyY,https://www.youtube.com/watch?v=CZ_r5sYeTyY,Power Of Serene Mind Practice,ekam,6,84.6,,,,,
245,KB_rdqB-sVw,https://www.youtube.com/watch?v=KB_rdqB-sVw,Oneness Manifest - Frontal Lobes Chakra (Lalata),preethaji_krishnaji,6,84.6,,,,,
246,Oc5ar2g2rnI,https://www.youtube.com/watch?v=Oc5ar2g2rnI,Life After Death | Evolution Series 72 with Preethaji & Krishnaji,preethaji_krishnaji,6,84.7,,,,,
247,5xxp7L-Ktp8,https://www.youtube.com/watch?v=5xxp7L-Ktp8,Depression vs Sadness: What's Real?,preethaji_krishnaji,6,84.7,,,,,
248,nj4mPBJsauQ,https://www.youtube.com/watch?v=nj4mPBJsauQ,Enlightenment Then & Now,preethaji_krishnaji,6,84.8,,,,,
249,3WnNyhhB_4w,https://www.youtube.com/watch?v=3WnNyhhB_4w,Love is Far Cry from Pleasure,preethaji_krishnaji,6,84.8,,,,,
250,txmjnRTgB4Y,https://www.youtube.com/watch?v=txmjnRTgB4Y,Unlock Body Bliss,ekam,6,84.9,,,,,
251,-pBQ6Sy444o,https://www.youtube.com/watch?v=-pBQ6Sy444o,Making the Big  Decision Bless America  | Evolution Series 87 with Preethaji & Krishnaji,preethaji_krishnaji,6,84.9,,,,,
252,ftFDBaH7RFg,https://www.youtube.com/watch?v=ftFDBaH7RFg,Do you want war ? | Evolution During Crisis -52 with Preethaji and Krishnaji,preethaji_krishnaji,6,85.0,,,,,
253,f0mxoBD9Fno,https://www.youtube.com/watch?v=f0mxoBD9Fno,Stories of Enlightenment in Tapas & Nirvana - David Roberts,preethaji,6,85.0,,,,,
254,UrVvSqKYU8c,https://www.youtube.com/watch?v=UrVvSqKYU8c,Awaken the Mystic fire | Evolution During Crisis -23 With Preethaji & Krishnaji,preethaji_krishnaji,6,85.0,,,,,
255,8Xy8xsLIgAU,https://www.youtube.com/watch?v=8Xy8xsLIgAU,International Yoga Day,preethaji_krishnaji,6,85.1,,,,,
256,0ypG1mlekNY,https://www.youtube.com/watch?v=0ypG1mlekNY,Manifest Synchronicities | Evolution During Crisis -51 with Preethaji and Krishnaji,preethaji_krishnaji,6,85.1,,,,,
257,0poMFCoAhkM,https://www.youtube.com/watch?v=0poMFCoAhkM,What is Enlightenment? Unravel the Truth with Sri Preethaji,preethaji,6,85.2,,,,,
258,VO3fi1c9ids,https://www.youtube.com/watch?v=VO3fi1c9ids,It is possible to find happiness even in difficult times.,krishnaji,6,85.2,,,,,
259,7L2scLHOEC4,https://www.youtube.com/watch?v=7L2scLHOEC4,Oneness is the essence of Unity | Learn from Sri Preethaji | Sri Preethaji & Sri Krishnaji | Ekam,preethaji_krishnaji,6,85.3,,,,,
260,CNn_cuQsBh0,https://www.youtube.com/watch?v=CNn_cuQsBh0,"Awaken to Causeless Love at the Field of Awakening | Los Angeles, Sep 2024",preethaji_krishnaji,6,85.3,,,,,
261,2seBB2oByZc,https://www.youtube.com/watch?v=2seBB2oByZc,How To Make Real Progress?,preethaji_krishnaji,6,85.4,,,,,
262,5TbaZA522Fs,https://www.youtube.com/watch?v=5TbaZA522Fs,EKAM ABUNDANCE FESTIVAL 3,preethaji_krishnaji,6,85.4,,,,,
263,tl2Ek-QakME,https://www.youtube.com/watch?v=tl2Ek-QakME,Immerse in Sacred Chants,ekam,6,85.5,,,,,
264,4rZDc-SaOB8,https://www.youtube.com/watch?v=4rZDc-SaOB8,Ekam Mysteries Revealed,preethaji_krishnaji,6,85.5,,,,,
265,O-6f5wQXSu8,https://www.youtube.com/watch?v=O-6f5wQXSu8,10-Minute Meditation For Anxiety | Goodful,ekam,6,85.6,,,,,
266,BsiePkp9bAc,https://www.youtube.com/watch?v=BsiePkp9bAc,Unveiling the Soul's Connection: A Father's Day Reflection.,preethaji_krishnaji,6,85.6,,,,,
267,l0bQZ9tnwvk,https://www.youtube.com/watch?v=l0bQZ9tnwvk,Manifest Universal Intelligence Manifest Divine Protection,ekam,6,85.7,,,,,
268,vIUY446FVPw,https://www.youtube.com/watch?v=vIUY446FVPw,Krishnaji & Meng Foon on Oneness of our Humanity  | Evolution Series 68 with Preethaji & Krishnaji,preethaji_krishnaji,6,85.7,,,,,
269,VbT9vgs06Gc,https://www.youtube.com/watch?v=VbT9vgs06Gc,Are you struggling to create wealth ? | Evolution Series 92 with Preethaji & Krishnaji,preethaji_krishnaji,6,85.7,,,,,
270,zs_JKa0cVsY,https://www.youtube.com/watch?v=zs_JKa0cVsY,An Awakened State Of Oneness,ekam,6,85.8,,,,,
271,Yfi6-_lYa58,https://www.youtube.com/watch?v=Yfi6-_lYa58,Oneness Abundance Festival | Ekam oneness,ekam,6,85.8,,,,,
272,6yHWS32aNOs,https://www.youtube.com/watch?v=6yHWS32aNOs,The Joyful Children  - A Short Story,preethaji_krishnaji,6,85.9,,,,,
273,1w-IStuMl3M,https://www.youtube.com/watch?v=1w-IStuMl3M,Fathers always Live On | Evolution During Crisis -49 with Preethaji and Krishnaji,preethaji_krishnaji,6,85.9,,,,,
274,QzJ_Ft1de1o,https://www.youtube.com/watch?v=QzJ_Ft1de1o,Find Real Purpose Of Life.,ekam,6,86.0,,,,,
275,u5JpxwG34bE,https://www.youtube.com/watch?v=u5JpxwG34bE,Peace Talk - Words that heal,preethaji_krishnaji,6,86.0,,,,,
276,YZaEmcxvYvc,https://www.youtube.com/watch?v=YZaEmcxvYvc,Field of Abundance - To conquer life’s challenges | pkconsciousness,ekam,6,86.1,,,,,
277,WhYY6IKaiVI,https://www.youtube.com/watch?v=WhYY6IKaiVI,Ekam Abundance Festival - Day 2 | pkconsciousness,ekam,6,86.1,,,,,
278,40tIgtC8yec,https://www.youtube.com/watch?v=40tIgtC8yec,Consciousness? What does it actually mean?,preethaji_krishnaji,6,86.2,,,,,
279,5Tdb7hBwX88,https://www.youtube.com/watch?v=5Tdb7hBwX88,Are you lost in Day Dreams ? | Soul Sync Meditation Challenge - 2 with Preethaji,preethaji_krishnaji,6,86.2,,,,,
280,9XbV4ubs3Fw,https://www.youtube.com/watch?v=9XbV4ubs3Fw,Awaken To The Mystic Power of Consciousness - pkconsciousness,preethaji_krishnaji,6,86.3,,,,,
281,r3iE2gDwIEk,https://www.youtube.com/watch?v=r3iE2gDwIEk,Glimpse the true potential of your Consciousness,preethaji_krishnaji,6,86.3,,,,,
282,A0edLNr-mks,https://www.youtube.com/watch?v=A0edLNr-mks,why should a student meditate?,preethaji_krishnaji,6,86.4,,,,,
283,8KaPqYLRWjc,https://www.youtube.com/watch?v=8KaPqYLRWjc,Preethaji & Krishnaji’s Ekam Abundance Festival ... the first of its kind | pkconsciousness,preethaji_krishnaji,6,86.4,,,,,
284,4Fjf6IQsjQs,https://www.youtube.com/watch?v=4Fjf6IQsjQs,The Universe's Intelligence and Our Enlightenment: A Deep Dive with Sri Krishnaji,krishnaji,6,86.5,,,,,
285,1KnFnmU6NWw,https://www.youtube.com/watch?v=1KnFnmU6NWw,Peace a way to compassion,preethaji_krishnaji,6,86.5,,,,,
286,tMaJzikpfeY,https://www.youtube.com/watch?v=tMaJzikpfeY,Ekam Abundance Festival - Day 4 | pkconsciousness,ekam,6,86.5,,,,,
287,vcvE5YpOjL4,https://www.youtube.com/watch?v=vcvE5YpOjL4,Hard to let go of hurt & forgive,ekam,6,86.6,,,,,
288,Vr3PS2DdbDU,https://www.youtube.com/watch?v=Vr3PS2DdbDU,Is positive thinking enough for Business Leaders?,ekam,6,86.6,,,,,
289,fuTnlIafdLY,https://www.youtube.com/watch?v=fuTnlIafdLY,An Incredible Physical Miracle at Bodhi,ekam,6,86.7,,,,,
290,T_SFXvO7ymc,https://www.youtube.com/watch?v=T_SFXvO7ymc,Introducing Ekam Meditators Facilitating World Transformation,preethaji_krishnaji,6,86.7,,,,,
291,1nhXsnx5--Y,https://www.youtube.com/watch?v=1nhXsnx5--Y,Are you ready to meet someone special?,ekam,6,86.8,,,,,
292,8p3zqYg5wuo,https://www.youtube.com/watch?v=8p3zqYg5wuo,Awaken to the Living Universe,ekam,6,86.8,,,,,
293,jK7-PPBXwr4,https://www.youtube.com/watch?v=jK7-PPBXwr4,Your Peace is World Peace,ekam,6,86.9,,,,,
294,sZXuNv0L8YA,https://www.youtube.com/watch?v=sZXuNv0L8YA,Ekam Darshan | Grace Overpowers Fate!,preethaji_krishnaji,6,86.9,,,,,
295,8RbRpbaCh1I,https://www.youtube.com/watch?v=8RbRpbaCh1I,Manifest Miracles this New Year  | Sri Preethaji & Sri Krishnaji,preethaji_krishnaji,6,87.0,,,,,
296,CQEGJ0OaIPo,https://www.youtube.com/watch?v=CQEGJ0OaIPo,Maatru Devo Bhava,preethaji_krishnaji,6,87.0,,,,,
297,s6B81c2uTGg,https://www.youtube.com/watch?v=s6B81c2uTGg,Protecting innocence of children | Evolution Series 65 with Preethaji & Krishnaji,preethaji_krishnaji,6,87.1,,,,,
298,zCnqQBfyXa4,https://www.youtube.com/watch?v=zCnqQBfyXa4,"In a state of sattva, our lives become incredible.",ekam,6,87.1,,,,,
299,Vl55gfNrZmM,https://www.youtube.com/watch?v=Vl55gfNrZmM,Experience infinite energies at Ekam and move into divine transcendental states,ekam,6,87.2,,,,,
300,36rdT1bFOk0,https://www.youtube.com/watch?v=36rdT1bFOk0,"To Become an Extra Ordinary Leader - Field of Abundance, Boca Raton, Florida | pkconsciousness",preethaji_krishnaji,6,87.2,,,,,
301,ELiB_UwCVTY,https://www.youtube.com/watch?v=ELiB_UwCVTY,What exactly is Peace?,ekam,6,87.2,,,,,
302,kPuvsIyt6UI,https://www.youtube.com/watch?v=kPuvsIyt6UI,Are we human beings incapable of peace and coexistence,ekam,6,87.3,,,,,
303,9kSjk8uqNbI,https://www.youtube.com/watch?v=9kSjk8uqNbI,From Problems To Solutions,preethaji_krishnaji,6,87.3,,,,,
304,pmSPHJfg3AU,https://www.youtube.com/watch?v=pmSPHJfg3AU,Think Peace Love Peace Live Peace,krishnaji,6,87.4,,,,,
305,Mrngwfko5kk,https://www.youtube.com/watch?v=Mrngwfko5kk,How to build trust in people?,krishnaji,6,87.4,,,,,
306,na0fqtqARVs,https://www.youtube.com/watch?v=na0fqtqARVs,Brain waves and mental health | Evolution During Crisis -37 With Preethaji & Krishnaji,preethaji_krishnaji,6,87.5,,,,,
307,GfAMCHC6_ek,https://www.youtube.com/watch?v=GfAMCHC6_ek,How to experience true love?,ekam,6,87.5,,,,,
308,rxz4w8fxXZ8,https://www.youtube.com/watch?v=rxz4w8fxXZ8,Guru Purnima : A Celebration Of Consciousness,ekam,6,87.6,,,,,
309,1imcyoNUO-A,https://www.youtube.com/watch?v=1imcyoNUO-A,Can soft people be successful leaders? | Evolution During Crisis -24 With Preethaji & Krishnaji,preethaji_krishnaji,6,87.6,,,,,
310,qiba4m7wUXQ,https://www.youtube.com/watch?v=qiba4m7wUXQ,Discover Oneness,ekam,6,87.7,,,,,
311,5YJ6vynFWFc,https://www.youtube.com/watch?v=5YJ6vynFWFc,"Discover Purpose,  Mission and Role | Evolution Series | Sri Preethaji & Sri Krishnaji",preethaji_krishnaji,6,87.7,,,,,
312,pQ7yAREnJaw,https://www.youtube.com/watch?v=pQ7yAREnJaw,HOW DOES SRI KRISHNAJI’S DEEKSHA PUSH YOU INTO ENLIGHTENED STATES?,krishnaji,6,87.8,,,,,
313,6j6EGVpQkI8,https://www.youtube.com/watch?v=6j6EGVpQkI8,Is enlightenment a new invention?,preethaji_krishnaji,6,87.8,,,,,
314,gMrOMT4mfno,https://www.youtube.com/watch?v=gMrOMT4mfno,The Most Sacred Spiritual Happening To Awaken Your Consciousness | PK Consciousness,preethaji_krishnaji,6,87.9,,,,,
315,X3LKG0Ycl3A,https://www.youtube.com/watch?v=X3LKG0Ycl3A,Cross the finish line | Soul Sync Meditation Challenge - 7 with Preethaji,preethaji,6,87.9,,,,,
316,3ITFXvYIPqg,https://www.youtube.com/watch?v=3ITFXvYIPqg,On what foundation are you building your life?,preethaji_krishnaji,6,87.9,,,,,
317,hwNlLB1sze0,https://www.youtube.com/watch?v=hwNlLB1sze0,Get rid of anxiety due to financial insecurity |Evolution During Crisis-4 with Preethaji & Krishnaji,preethaji_krishnaji,6,88.0,,,,,
318,2JL1ZgMS7nY,https://www.youtube.com/watch?v=2JL1ZgMS7nY,Field of Abundance - Lindau 3 | pkconsciousness,ekam,6,88.0,,,,,
319,6-GWHR9_iSU,https://www.youtube.com/watch?v=6-GWHR9_iSU,Sarvam Kalvidam Brahma,ekam,6,88.1,,,,,
320,VxJWAmiYu_0,https://www.youtube.com/watch?v=VxJWAmiYu_0,Looking for Another Way to Live? | Inside Oneness Global Summit,ekam,6,88.1,,,,,
321,DjybU3_lUnc,https://www.youtube.com/watch?v=DjybU3_lUnc,The Sacred Balance | Ekam Enlightenment Festival,preethaji_krishnaji,6,88.2,,,,,
322,sCCLfLa0gyw,https://www.youtube.com/watch?v=sCCLfLa0gyw,The Sacred | Ekam Enlightenment Festival,ekam,6,88.2,,,,,
323,oUCZWSi8zY4,https://www.youtube.com/watch?v=oUCZWSi8zY4,The Secret hidden in Tirupathi Balaji Vigraha |Evolution During Crisis-33 With Preethaji & Krishnaji,preethaji_krishnaji,6,88.3,,,,,
324,wzb6s4oJX1Y,https://www.youtube.com/watch?v=wzb6s4oJX1Y,Now is the moment for joy,preethaji_krishnaji,6,88.3,,,,,
325,0k5f8G9uXqY,https://www.youtube.com/watch?v=0k5f8G9uXqY,Healing Family's Hearts During the Lockdown | Evolution During Crisis -2 With Preethaji & Krishnaji,preethaji_krishnaji,6,88.4,,,,,
326,CvDkoctU5a4,https://www.youtube.com/watch?v=CvDkoctU5a4,How can I heal my husband if he is not willing to meditate?,preethaji_krishnaji,6,88.4,,,,,
327,6SGdA1xnd4A,https://www.youtube.com/watch?v=6SGdA1xnd4A,Love or Infatuation,preethaji_krishnaji,6,88.5,,,,,
328,Hfj0c6-vUiY,https://www.youtube.com/watch?v=Hfj0c6-vUiY,Why is my best friend sad and avoiding me?,preethaji_krishnaji,6,88.5,,,,,
329,xsJwbk_N-RE,https://www.youtube.com/watch?v=xsJwbk_N-RE,"Compassion, Attention And Patience- The True Spirits Of Yoga",ekam,6,88.6,,,,,
330,wjgYeizZwN8,https://www.youtube.com/watch?v=wjgYeizZwN8,God and Religion,preethaji_krishnaji,6,88.6,,,,,
331,bSfYcWPgkpI,https://www.youtube.com/watch?v=bSfYcWPgkpI,"Embracing Mother Earth: A Journey of Love and Gratitude""",ekam,6,88.6,,,,,
332,Ji7Zy_tDFQ4,https://www.youtube.com/watch?v=Ji7Zy_tDFQ4,WAS YOURS A LOVE MARRIAGE OR AN ARRANGED MARRIAGE SRI KRISHNAJI?,preethaji_krishnaji,6,88.7,,,,,
333,kzRqQOvjRhA,https://www.youtube.com/watch?v=kzRqQOvjRhA,Laws of order and chaos | Evolution During Crisis -21 With Preethaji & Krishnaji,preethaji_krishnaji,6,88.7,,,,,
334,nxfjPX2qD_U,https://www.youtube.com/watch?v=nxfjPX2qD_U,Oneness Abundance Festival | Riddhi - Siddhi - Buddhi | Ekam Oneness,ekam,6,88.8,,,,,
335,aIEw-1E9ays,https://www.youtube.com/watch?v=aIEw-1E9ays,The only secret you need to know to sustain  romantic love,ekam,6,88.8,,,,,
336,LYm7oczfWEk,https://www.youtube.com/watch?v=LYm7oczfWEk,Dive into a Profound Yoga Journey: Oneness Yoga Challenge 2023,ekam,6,88.9,,,,,
337,oqacXWT14ic,https://www.youtube.com/watch?v=oqacXWT14ic,What is enlightenment? How to become enlightened? |  Learn  with Sri Krishnaji.,krishnaji,6,88.9,,,,,
338,dYCLRvvEnVA,https://www.youtube.com/watch?v=dYCLRvvEnVA,Beautiful state meditations,ekam,6,89.0,,,,,
339,38-NgBAet1c,https://www.youtube.com/watch?v=38-NgBAet1c,Stop Domestic violence let peace flow in homes,ekam,6,89.0,,,,,
340,ffhDTzE4nDU,https://www.youtube.com/watch?v=ffhDTzE4nDU,You are what you Eat | Evolution Series 88 with Preethaji & Krishnaji,preethaji_krishnaji,6,89.1,,,,,
341,susUKIwVD34,https://www.youtube.com/watch?v=susUKIwVD34,Global Deeksha Event,ekam,6,89.1,,,,,
342,0va0izWG0Hc,https://www.youtube.com/watch?v=0va0izWG0Hc,pkconsciousness  | Ekam Abundance Festival -2,ekam,6,89.2,,,,,
343,mS3cZvd1AvQ,https://www.youtube.com/watch?v=mS3cZvd1AvQ,𝐁𝐄𝐂𝐎𝐌𝐄 𝐅𝐀𝐌𝐈𝐋𝐘 | 𝐏𝐊𝐂𝐎𝐍𝐒𝐂𝐈𝐎𝐔𝐒𝐍𝐄𝐒𝐒,ekam,6,89.2,,,,,
344,8fKvjHOD_kQ,https://www.youtube.com/watch?v=8fKvjHOD_kQ,How much to meditate ?,preethaji_krishnaji,6,89.3,,,,,
345,SDWivCDevfE,https://www.youtube.com/watch?v=SDWivCDevfE,STOP VIOLENCE AGAINST NATURE- DAY 3,ekam,6,89.3,,,,,
346,N8aw4NAR62c,https://www.youtube.com/watch?v=N8aw4NAR62c,Peace in Relationship,ekam,5,89.3,,,,,
347,ZaZOJ6gazYM,https://www.youtube.com/watch?v=ZaZOJ6gazYM,Oneness Immunity Building Meditation - 10 Minutes,preethaji_krishnaji,5,89.4,,,,,
348,MuxETIn04F8,https://www.youtube.com/watch?v=MuxETIn04F8,Ekam Abundance Festival - Day 3 | pkconsciousness,ekam,5,89.4,,,,,
349,odXq5g-Y7gM,https://www.youtube.com/watch?v=odXq5g-Y7gM,Depression Repellent: 5 Yukthis To Being Happy,ekam,5,89.5,,,,,
350,szJ7uDYHJ1Y,https://www.youtube.com/watch?v=szJ7uDYHJ1Y,Sri Krishnaji Intro for Youth,preethaji_krishnaji,5,89.5,,,,,
351,OaTrIaFLG6M,https://www.youtube.com/watch?v=OaTrIaFLG6M,Oneness Yoga Challenge,ekam,5,89.5,,,,,
352,h8DQ0GlvD8I,https://www.youtube.com/watch?v=h8DQ0GlvD8I,"Movement, the miracle of life",ekam,5,89.6,,,,,
353,Js7ongWaW64,https://www.youtube.com/watch?v=Js7ongWaW64,The power of connection,ekam,5,89.6,,,,,
354,Ul_7NL6j2ZI,https://www.youtube.com/watch?v=Ul_7NL6j2ZI,"Protect the life-giver, Mother Earth | Peace for Healing the Planet | Ekam World Peace Festival 2021",ekam,5,89.7,,,,,
355,-i-QFyNg8Io,https://www.youtube.com/watch?v=-i-QFyNg8Io,Oneness & Love in Mexico With Mukti Gurus,preethaji_krishnaji,5,89.7,,,,,
356,yDTGeNo-w0c,https://www.youtube.com/watch?v=yDTGeNo-w0c,Solve your sleep Problems with Yoga Nidra | Evolution During Crisis-13 with Preethaji and Krishnaji,preethaji_krishnaji,5,89.7,,,,,
357,tOi1Ho5Kwhk,https://www.youtube.com/watch?v=tOi1Ho5Kwhk,Oneness Abundance Festival - Glimpses into Riddhi Dimension,ekam,5,89.8,,,,,
358,PnvNqgTyIFI,https://www.youtube.com/watch?v=PnvNqgTyIFI,Become free of the incessant chatter of the mind and awaken to inner stillness,ekam,5,89.8,,,,,
359,WwgBOejW_pI,https://www.youtube.com/watch?v=WwgBOejW_pI,Awaken to Sacredness Towards Earth | Evolution Series 63 with Preethaji & Krishnaji,preethaji_krishnaji,5,89.8,,,,,
360,cvREfQLxC6k,https://www.youtube.com/watch?v=cvREfQLxC6k,Field of Abundance - Lindau 1 | pkconsciousness,ekam,5,89.9,,,,,
361,M7ItOHTrvz8,https://www.youtube.com/watch?v=M7ItOHTrvz8,First step towards rebuilding our economies |Evolution During Crisis 10 with Preethaji and Krishnaji,preethaji_krishnaji,5,89.9,,,,,
362,dQw77H27GMY,https://www.youtube.com/watch?v=dQw77H27GMY,Field of Abundance  - Korea | pkconsciousness,preethaji_krishnaji,5,90.0,,,,,
363,umD1vXG7WIA,https://www.youtube.com/watch?v=umD1vXG7WIA,Meditation and Wisdom Teachers Training,krishnaji,5,90.0,,,,,
364,co3N4y-RQKQ,https://www.youtube.com/watch?v=co3N4y-RQKQ,Manifest Generational Healing Manifest Awakened Parenting,ekam,5,90.0,,,,,
365,iIduE7RwihM,https://www.youtube.com/watch?v=iIduE7RwihM,Infinite Peace Meditation,preethaji_krishnaji,5,90.1,,,,,
366,mQ_qPqsc-i0,https://www.youtube.com/watch?v=mQ_qPqsc-i0,Women Force of Nature,ekam,5,90.1,,,,,
367,EwwciE_mxo8,https://www.youtube.com/watch?v=EwwciE_mxo8,Birthing an joyful and radiant child.,preethaji_krishnaji,5,90.2,,,,,
368,O1VkNuEChD4,https://www.youtube.com/watch?v=O1VkNuEChD4,Beyond anger management | Evolution During Crisis -22 With Preethaji & Krishnaji,preethaji_krishnaji,5,90.2,,,,,
369,XhV7FuKtZnY,https://www.youtube.com/watch?v=XhV7FuKtZnY,Build your peace power,preethaji_krishnaji,5,90.2,,,,,
370,xnfQDhWWMkU,https://www.youtube.com/watch?v=xnfQDhWWMkU,Oneness World Leaders,preethaji_krishnaji,5,90.3,,,,,
371,dqUq_a0DyLs,https://www.youtube.com/watch?v=dqUq_a0DyLs,"Parents,help your child dissolve body issues |Evolution During Crisis -14 with Preethaji & Krishnaji",preethaji_krishnaji,5,90.3,,,,,
372,U4lCthMt9oY,https://www.youtube.com/watch?v=U4lCthMt9oY,Transform your life with the power of consciousness.,ekam,5,90.4,,,,,
373,F-hNATzOz2I,https://www.youtube.com/watch?v=F-hNATzOz2I,What is Love ?  | Evolution Series 114 with Sri Preethaji & Sri Krishnaji,preethaji_krishnaji,5,90.4,,,,,
374,W_KHgnxTHaY,https://www.youtube.com/watch?v=W_KHgnxTHaY,The universe is within you,ekam,5,90.4,,,,,
375,z3fSeC_oG-s,https://www.youtube.com/watch?v=z3fSeC_oG-s,Peace - The Great Healer,ekam,5,90.5,,,,,
376,Pd42WwNAr8g,https://www.youtube.com/watch?v=Pd42WwNAr8g,Move at God Speed in 2021,krishnaji,5,90.5,,,,,
377,bMGaQ2nUE5Y,https://www.youtube.com/watch?v=bMGaQ2nUE5Y,Think you have a great day to come? Start #EkamGratitudeChallenge | Sri Preethaji & Sri Krishnaji,preethaji_krishnaji,5,90.5,,,,,
378,B8wapoLAu84,https://www.youtube.com/watch?v=B8wapoLAu84,Is your brain attracted to the negative? | Evolution During Crisis -11 with Preethaji and Krishnaji,preethaji_krishnaji,5,90.6,,,,,
379,Gv3w2uNCo2o,https://www.youtube.com/watch?v=Gv3w2uNCo2o,How to overcome disappointment with people?,ekam,5,90.6,,,,,
380,xFQSF6GzQXQ,https://www.youtube.com/watch?v=xFQSF6GzQXQ,A Revolutionary challenge this International yoga day | Join 7 days Yoga Challenge,preethaji,5,90.7,,,,,
381,bSyewSnu2Ak,https://www.youtube.com/watch?v=bSyewSnu2Ak,Domestic violence during global crisis | Evolution During Crisis -15 with Preethaji & Krishnaji,preethaji_krishnaji,5,90.7,,,,,
382,I6yC-aUQUvw,https://www.youtube.com/watch?v=I6yC-aUQUvw,Meditation for Reduced Stress and Inner peace | Breathing Room,ekam,5,90.7,,,,,
383,Gt3o8lcbcII,https://www.youtube.com/watch?v=Gt3o8lcbcII,How can we achieve true happiness?,ekam,5,90.8,,,,,
384,hF3NZH-UX0Y,https://www.youtube.com/watch?v=hF3NZH-UX0Y,Manifest Success,ekam,5,90.8,,,,,
385,GTLqZPVojgI,https://www.youtube.com/watch?v=GTLqZPVojgI,Sri Krishnaji & Youth,krishnaji,5,90.9,,,,,
386,MKOAMUmZ-RA,https://www.youtube.com/watch?v=MKOAMUmZ-RA,Are you in Suffering ?  | Evolution Series 108 with Sri Preethaji & Sri Krishnaji,preethaji_krishnaji,5,90.9,,,,,
387,6EHw_0gYD5w,https://www.youtube.com/watch?v=6EHw_0gYD5w,Five minutes daily for inner peace | Try Breathing Room For Free | Sri Preethaji & Sri Krishnaji,preethaji_krishnaji,5,90.9,,,,,
388,JsTTRgk_8Hc,https://www.youtube.com/watch?v=JsTTRgk_8Hc,"Silence, Light, and Energy: A Transformational Journey at the Field of Awakening",ekam,5,91.0,,,,,
389,LapJqYf9hzI,https://www.youtube.com/watch?v=LapJqYf9hzI,Why are teenagers in depression today? | PK Consciousness | Sri Krishna Ji,krishnaji,5,91.0,,,,,
390,hcNDrMy6gCE,https://www.youtube.com/watch?v=hcNDrMy6gCE,Spiritual art of parenting | Evolution During Crisis -16 with Preethaji & Krishnaji,preethaji_krishnaji,5,91.1,,,,,
391,IbOoMlXlzjY,https://www.youtube.com/watch?v=IbOoMlXlzjY,Exponential growth  | PKCONSCIOUSNESS,preethaji_krishnaji,5,91.1,,,,,
392,zpuRES7Fnm8,https://www.youtube.com/watch?v=zpuRES7Fnm8,Peace Ritual - Awaken to Compassion,ekam,5,91.1,,,,,
393,VrPi2RUUXq4,https://www.youtube.com/watch?v=VrPi2RUUXq4,Sri Preethaji | Gratitude meditation | pkconsciousness,preethaji,5,91.2,,,,,
394,G1fWNIazj5U,https://www.youtube.com/watch?v=G1fWNIazj5U,All you need is just peace,preethaji_krishnaji,5,91.2,,,,,
395,OWMBvMlGWTA,https://www.youtube.com/watch?v=OWMBvMlGWTA,Three Levels of Oneness | Evolution Series 107 with Sri Preethaji & Sri Krishnaji,preethaji_krishnaji,5,91.2,,,,,
396,Lm-5gKTKD7Y,https://www.youtube.com/watch?v=Lm-5gKTKD7Y,Ekam Tapas | Sri Preethaji & Sri Krishnaji,preethaji_krishnaji,5,91.3,,,,,
397,XmkNwgkMC3U,https://www.youtube.com/watch?v=XmkNwgkMC3U,Soul Sync for Peace-2020,preethaji_krishnaji,5,91.3,,,,,
398,qajcmg64VNI,https://www.youtube.com/watch?v=qajcmg64VNI,Peace Chant -Silencing the Mind,ekam,5,91.4,,,,,
399,_X5jRvqxEEo,https://www.youtube.com/watch?v=_X5jRvqxEEo,Stress Free Life | Evolution Series 100 with Sri Preethaji & Sri Krishnaji,preethaji_krishnaji,5,91.4,,,,,
400,TN9W-Jc7qZc,https://www.youtube.com/watch?v=TN9W-Jc7qZc,The Prefrontal Cortex and its Role in Greater Intelligence,ekam,5,91.4,,,,,
401,FYQHXDtlYX4,https://www.youtube.com/watch?v=FYQHXDtlYX4,pkconsciousness  | Ekam Abundance Festival,preethaji_krishnaji,5,91.5,,,,,
402,owXqW04b08o,https://www.youtube.com/watch?v=owXqW04b08o,Dharana  on Maha Saraswati | Evolution Series 86 with Preethaji & Krishnaji,preethaji_krishnaji,5,91.5,,,,,
403,Ud5UpU0bvjw,https://www.youtube.com/watch?v=Ud5UpU0bvjw,WHY SHOULD YOUNG PEOPLE MEDITATE?,ekam,5,91.6,,,,,
404,vch9C_hNjGs,https://www.youtube.com/watch?v=vch9C_hNjGs,Enlightened  Achievement | Evolution Series 111 with Sri Preethaji & Sri Krishnaji,preethaji_krishnaji,5,91.6,,,,,
405,88NOQTz5_yI,https://www.youtube.com/watch?v=88NOQTz5_yI,Ekam Movement (Int),preethaji_krishnaji,5,91.6,,,,,
406,o_eg6YTifRE,https://www.youtube.com/watch?v=o_eg6YTifRE,Test your attention |  Soul Sync Meditation Challenge - 4 with Preethaji,preethaji_krishnaji,5,91.7,,,,,
407,RFx74Q6Oq2c,https://www.youtube.com/watch?v=RFx74Q6Oq2c,The Decisions impact your Life | Evolution Series 102 with Sri Preethaji & Sri Krishnaji,preethaji_krishnaji,5,91.7,,,,,
408,J81diFHJqWw,https://www.youtube.com/watch?v=J81diFHJqWw,Success Manifest,preethaji,5,91.8,,,,,
409,y9iL10DPhzI,https://www.youtube.com/watch?v=y9iL10DPhzI,Which state of consciousness is destructive and which one is constructive?,ekam,5,91.8,,,,,
410,UuPdfdrvpdQ,https://www.youtube.com/watch?v=UuPdfdrvpdQ,The Power of Oneness Yoga,ekam,5,91.8,,,,,
411,oaKWpxmu0YI,https://www.youtube.com/watch?v=oaKWpxmu0YI,Guru Pournima - celebrating our human potential to rise to glorious states of consciousness.,ekam,5,91.9,,,,,
412,E5FJYDruwjs,https://www.youtube.com/watch?v=E5FJYDruwjs,Open the doors of your consciousness,krishnaji,5,91.9,,,,,
413,cxgHFX04RtQ,https://www.youtube.com/watch?v=cxgHFX04RtQ,"What You Say, Matters! | Insight Series | Sri Preethaji & Sri Krishnaji",preethaji_krishnaji,5,92.0,,,,,
414,H7N4PSoJZMU,https://www.youtube.com/watch?v=H7N4PSoJZMU,Ambition or Passion,preethaji_krishnaji,5,92.0,,,,,
415,Tc8f9ZasRRM,https://www.youtube.com/watch?v=Tc8f9ZasRRM,Does your mind need an upgrade? | Insights | Sri Preethaji & Sri Krishnaji,preethaji_krishnaji,5,92.0,,,,,
416,K2yXX6uhGFE,https://www.youtube.com/watch?v=K2yXX6uhGFE,Ekam Peace Experience | pkconsciousness,preethaji_krishnaji,5,92.1,,,,,
417,-4wCvcPrX-E,https://www.youtube.com/watch?v=-4wCvcPrX-E,Rise above Emotional wounds with Sri Krishnaji,krishnaji,5,92.1,,,,,
418,eumRL5DfFzM,https://www.youtube.com/watch?v=eumRL5DfFzM,pkconsciousness  | Do you live in a constant state of stress?,ekam,5,92.1,,,,,
419,NMjYsvaOOQM,https://www.youtube.com/watch?v=NMjYsvaOOQM,The Field of Abundance | My Story of Transformation - Anya | pkconsciousness,ekam,5,92.2,,,,,
420,KTlY-lHs_Ew,https://www.youtube.com/watch?v=KTlY-lHs_Ew,How to be Spiritual? | Evolution Series 104 with Sri Preethaji & Sri Krishnaji,preethaji_krishnaji,5,92.2,,,,,
421,E-LCT0YEpWQ,https://www.youtube.com/watch?v=E-LCT0YEpWQ,Enlightenment The Ultimate Pursuit of Life,ekam,5,92.3,,,,,
422,EhY6npcnSs8,https://www.youtube.com/watch?v=EhY6npcnSs8,Peace To our Borders |  Evolution During Crisis -58 with Preethaji and Krishnaji,preethaji_krishnaji,5,92.3,,,,,
423,uSAO5p0GIU8,https://www.youtube.com/watch?v=uSAO5p0GIU8,Why Spirituality?,ekam,5,92.3,,,,,
424,oSqD_BvF7vA,https://www.youtube.com/watch?v=oSqD_BvF7vA,"Dear America, Be not Hateful over Hate  | Evolution Series 89 with Preethaji & Krishnaji",preethaji_krishnaji,5,92.4,,,,,
425,p2HecXyM3tE,https://www.youtube.com/watch?v=p2HecXyM3tE,Our Responsibilities Towards Nature,ekam,5,92.4,,,,,
426,PslFhdZaBFA,https://www.youtube.com/watch?v=PslFhdZaBFA,The one thing your partner needs from you | Evolution Series 110 with Sri Preethaji & Sri Krishnaji,preethaji_krishnaji,5,92.5,,,,,
427,Qu5IQo0ghbs,https://www.youtube.com/watch?v=Qu5IQo0ghbs,One Consciousness Awakening Circle | pkconsciousness,krishnaji,5,92.5,,,,,
428,Fn62UQTIMEk,https://www.youtube.com/watch?v=Fn62UQTIMEk,Access the mystical side of consciousness,ekam,5,92.5,,,,,
429,R0bGNxoJ4sM,https://www.youtube.com/watch?v=R0bGNxoJ4sM,Awake to the Beauty of Life | Ekam Enlightenment Festival,ekam,5,92.6,,,,,
430,FSxiSEV1iPY,https://www.youtube.com/watch?v=FSxiSEV1iPY,Ekam Health Practice,preethaji_krishnaji,5,92.6,,,,,
431,k8iO5daXllM,https://www.youtube.com/watch?v=k8iO5daXllM,Do you Struggle with anxiety ? | Evolution Series 101 with Sri Preethaji & Sri Krishnaji,preethaji_krishnaji,5,92.7,,,,,
432,MJYpyUlwxg0,https://www.youtube.com/watch?v=MJYpyUlwxg0,How to find Lord Shiva on Mahashivratri?,ekam,5,92.7,,,,,
433,pTnZt0SqDFM,https://www.youtube.com/watch?v=pTnZt0SqDFM,Are You Suffering?.....This Video Is a Milestone,ekam,5,92.7,,,,,
434,gqN5tl1Kwpg,https://www.youtube.com/watch?v=gqN5tl1Kwpg,Romantic Relationships,ekam,5,92.8,,,,,
435,9yaEGbPIxPk,https://www.youtube.com/watch?v=9yaEGbPIxPk,Are you a people Pleaser? | Sri Krishnaji N Youth |,preethaji_krishnaji,5,92.8,,,,,
436,O4c1bnnwSzU,https://www.youtube.com/watch?v=O4c1bnnwSzU,"𝐈𝐌𝐌𝐄𝐑𝐒𝐄𝐃 𝐈𝐍 𝐋𝐎𝐕𝐄,𝐋𝐄𝐓'𝐒 𝐋𝐈𝐕𝐄 𝐀 𝐋𝐈𝐅𝐄 𝐎𝐅 𝐂𝐎𝐍𝐍𝐄𝐂𝐓𝐈𝐎𝐍 | 𝐏𝐊𝐂𝐎𝐍𝐒𝐂𝐈𝐎𝐔𝐒𝐍𝐄𝐒𝐒",ekam,5,92.8,,,,,
437,mgfhxq9bn8Q,https://www.youtube.com/watch?v=mgfhxq9bn8Q,The no 1 secret behind manifesting abundance,ekam,5,92.9,,,,,
438,Yf4Pld6UEdg,https://www.youtube.com/watch?v=Yf4Pld6UEdg,Real meaning of Success and Prosperity.,ekam,5,92.9,,,,,
439,tGvaofifDzI,https://www.youtube.com/watch?v=tGvaofifDzI,A Journey of Spiritual Growth and Purpose,ekam,5,93.0,,,,,
440,HZIuHUGmnGY,https://www.youtube.com/watch?v=HZIuHUGmnGY,Awakening The Mystic | Ekam Enlightenment Festival,ekam,5,93.0,,,,,
441,F0kz4L2wB2A,https://www.youtube.com/watch?v=F0kz4L2wB2A,Finding peace and calm,ekam,5,93.0,,,,,
442,cI7D2aO34yw,https://www.youtube.com/watch?v=cI7D2aO34yw,Living together in lockdown | Evolution During Crisis -6 With Preethaji & Krishnaji,preethaji_krishnaji,5,93.1,,,,,
443,HKjzpPlfvc8,https://www.youtube.com/watch?v=HKjzpPlfvc8,What is Your Addiction Type ?,ekam,5,93.1,,,,,
444,LpqjenfvWzQ,https://www.youtube.com/watch?v=LpqjenfvWzQ,Peace Ritual | Ekam World Peace Festival 2021 | Sri Preethaji & Sri Krishnaji,preethaji_krishnaji,5,93.2,,,,,
445,f-IpkGOOzYU,https://www.youtube.com/watch?v=f-IpkGOOzYU,END OR ENDURE A TOXIC RELATIONSHIP,ekam,5,93.2,,,,,
446,jW3JDLY0cDA,https://www.youtube.com/watch?v=jW3JDLY0cDA,Please Live  | Evolution Series 70 with Preethaji & Krishnaji,preethaji_krishnaji,5,93.2,,,,,
447,H4paK9NPSoc,https://www.youtube.com/watch?v=H4paK9NPSoc,Let's bring back our sense of one world family,preethaji_krishnaji,5,93.3,,,,,
448,l6svaRx35TI,https://www.youtube.com/watch?v=l6svaRx35TI,Holding space at work | Evolution During Crisis -45 with Preethaji and Krishnaji,preethaji_krishnaji,5,93.3,,,,,
449,kyEL8OTZwBk,https://www.youtube.com/watch?v=kyEL8OTZwBk,Announcement of a unique challenge for Chakra Jagran | PK Consciousness,preethaji,5,93.4,,,,,
450,F_yRNKupugs,https://www.youtube.com/watch?v=F_yRNKupugs,The Secret To Heal Your Body,ekam,5,93.4,,,,,
451,2z5qxSr4EaI,https://www.youtube.com/watch?v=2z5qxSr4EaI,Four  Langhanams for spiritual power | Evolution During Crisis -8 With Preethaji & Krishnaji,preethaji_krishnaji,5,93.4,,,,,
452,UodtrfOmNh4,https://www.youtube.com/watch?v=UodtrfOmNh4,"FOR COMPASSION TOWARDS ANIMALS , DAY 7",preethaji_krishnaji,5,93.5,,,,,
453,Gdd-5uWUW5w,https://www.youtube.com/watch?v=Gdd-5uWUW5w,Can War Ever Be Justified?,ekam,5,93.5,,,,,
454,gRaAmM9ehzI,https://www.youtube.com/watch?v=gRaAmM9ehzI,English Smiling Meditation,ekam,5,93.5,,,,,
455,PFNP4c1cOSI,https://www.youtube.com/watch?v=PFNP4c1cOSI,The gift of awakening,ekam,5,93.6,,,,,
456,uGosHULQQk0,https://www.youtube.com/watch?v=uGosHULQQk0,What is Meditation ?,ekam,5,93.6,,,,,
457,yJoWk10CSjg,https://www.youtube.com/watch?v=yJoWk10CSjg,Sri Preethaji & Erik Solheim on Nurturing Peace for Mother Earth,preethaji,5,93.7,,,,,
458,7NVPsHdyw_Y,https://www.youtube.com/watch?v=7NVPsHdyw_Y,Are you Grateful or Hurtful? | Evolution Series 95 with Sri Preethaji & Sri Krishnaji,preethaji_krishnaji,5,93.7,,,,,
459,09d8aVgYOqQ,https://www.youtube.com/watch?v=09d8aVgYOqQ,This Smiling Meditation Will Make You Happier  - pkconsciousness,preethaji_krishnaji,5,93.7,,,,,
460,Ip7C7KJBxBk,https://www.youtube.com/watch?v=Ip7C7KJBxBk,Elevate Your Consciousness: An Exploration of Oneness Chakra Yoga with Sri Preethaji's Insights,preethaji,5,93.8,,,,,
461,F9Vo4fezmcE,https://www.youtube.com/watch?v=F9Vo4fezmcE,MANIFEST CHAKRA POTENTIALMANIFEST DIVINE EXPERIENCES,ekam,5,93.8,,,,,
462,JwMlR98BgrI,https://www.youtube.com/watch?v=JwMlR98BgrI,Why cant you trust someone's Love? | Evolution During Crisis -17 with Preethaji & Krishnaji,preethaji_krishnaji,5,93.9,,,,,
463,xUO_WoOlWmI,https://www.youtube.com/watch?v=xUO_WoOlWmI,What Is Destiny?,preethaji_krishnaji,5,93.9,,,,,
464,HELtP96Dd4w,https://www.youtube.com/watch?v=HELtP96Dd4w,Rise Above Mediocrity| Evolution Series 94 with Sri Preethaji & Sri Krishnaji,preethaji_krishnaji,5,93.9,,,,,
465,v55cSB0foxM,https://www.youtube.com/watch?v=v55cSB0foxM,Does War End Conflict ?  - pkconsciousness,preethaji_krishnaji,5,94.0,,,,,
466,aqSM9LwqWgA,https://www.youtube.com/watch?v=aqSM9LwqWgA,Solution that can end all Wars?,ekam,5,94.0,,,,,
467,COC9vdjMTlc,https://www.youtube.com/watch?v=COC9vdjMTlc,Meditation and Liberation,ekam,5,94.1,,,,,
468,fYhbxU61wuI,https://www.youtube.com/watch?v=fYhbxU61wuI,2 - States of Being: Stress State & A Beautiful State | Sri Krishnaji | Sri Preethaji,preethaji_krishnaji,5,94.1,,,,,
469,V2WQ20Ocw_o,https://www.youtube.com/watch?v=V2WQ20Ocw_o,What is Karma and how does it work?,ekam,5,94.1,,,,,
470,ct7R4Em77NY,https://www.youtube.com/watch?v=ct7R4Em77NY,"STOP VIOLENCE AGAINST CHILDREN, DAY 2",ekam,5,94.2,,,,,
471,-wAUE5rcxis,https://www.youtube.com/watch?v=-wAUE5rcxis,HOW TO KNOW IF I AM SAD OR DEPRESSED?,preethaji_krishnaji,5,94.2,,,,,
472,qtG8c2zhn7A,https://www.youtube.com/watch?v=qtG8c2zhn7A,Guru Pournima and Sage Vyasa,ekam,5,94.2,,,,,
473,a78n3v1aDMg,https://www.youtube.com/watch?v=a78n3v1aDMg,Activate Your Brain for Greater Joy - pkconsciousness,ekam,5,94.3,,,,,
474,0Fa4Wyv0GOk,https://www.youtube.com/watch?v=0Fa4Wyv0GOk,Peace Prayer - Find lightness in your Being,ekam,5,94.3,,,,,
475,xTVHvMHakow,https://www.youtube.com/watch?v=xTVHvMHakow,Field of Abundance - Lindau 4 | pkconsciousness,ekam,5,94.4,,,,,
476,Maa5lwwHNrU,https://www.youtube.com/watch?v=Maa5lwwHNrU,What is consciousness?,ekam,5,94.4,,,,,
477,fYLwmDCmJ0A,https://www.youtube.com/watch?v=fYLwmDCmJ0A,Field of Awakening,ekam,5,94.4,,,,,
478,ds6FM6QEDWM,https://www.youtube.com/watch?v=ds6FM6QEDWM,My awakening by Sri Preethaji,preethaji,5,94.5,,,,,
479,w1gF90_cBl4,https://www.youtube.com/watch?v=w1gF90_cBl4,The Mystery Of Consciousness,ekam,5,94.5,,,,,
480,utRatnFr-S8,https://www.youtube.com/watch?v=utRatnFr-S8,Bombarded with chaotic thoughts ? | Soul Sync Meditation Challenge - 3 with Preethaji,preethaji,5,94.6,,,,,
481,AB-t5CoxMHM,https://www.youtube.com/watch?v=AB-t5CoxMHM,Ekam Means Oneness | Evolution Series 97 with Sri Preethaji & Sri Krishnaji,preethaji_krishnaji,5,94.6,,,,,
482,qj6ZFtvViic,https://www.youtube.com/watch?v=qj6ZFtvViic,Enlightenment Then and Now,ekam,5,94.6,,,,,
483,Ji-hdW1t30g,https://www.youtube.com/watch?v=Ji-hdW1t30g,What is karma and how does it work?,preethaji_krishnaji,5,94.7,,,,,
484,hLg4WPG4ehE,https://www.youtube.com/watch?v=hLg4WPG4ehE,Oneness Changemakers  Training - An Adventure,preethaji_krishnaji,5,94.7,,,,,
485,XFFgRTgP8Rs,https://www.youtube.com/watch?v=XFFgRTgP8Rs,How Do I Overcome Feelings Of Being Unworthy?,ekam,5,94.8,,,,,
486,ClbKAXVvzzo,https://www.youtube.com/watch?v=ClbKAXVvzzo,Sadhana for Witness Consciousness by Sri Preethaji,preethaji_krishnaji,5,94.8,,,,,
487,Xk1KsO3efP4,https://www.youtube.com/watch?v=Xk1KsO3efP4,Your Dharma To Mother Earth | Evolution Series  62 with Preethaji & Krishnaji,preethaji_krishnaji,5,94.8,,,,,
488,FP5O9F9JiOk,https://www.youtube.com/watch?v=FP5O9F9JiOk,Bless America for Karmic Release | Evolution Series 84 with Preethaji & Krishnaji,preethaji_krishnaji,5,94.9,,,,,
489,M6MJzzFKoPg,https://www.youtube.com/watch?v=M6MJzzFKoPg,Are you a seeker yet?,ekam,5,94.9,,,,,
490,qJxGtSDiayM,https://www.youtube.com/watch?v=qJxGtSDiayM,There's a science to wealth creation: Here's how to power it. | Sri Preethaji & Sri Krishnaji |,preethaji_krishnaji,5,95.0,,,,,
491,HfS2relUTFg,https://www.youtube.com/watch?v=HfS2relUTFg,Enlightenment: The Greatest Celebration of Human Life,ekam,5,95.0,,,,,
492,bF6kr28QHJc,https://www.youtube.com/watch?v=bF6kr28QHJc,How to know when it's time to let go,ekam,5,95.0,,,,,
493,GICjcQQ0aM0,https://www.youtube.com/watch?v=GICjcQQ0aM0,MANIFEST GENERATIONAL HEALING MANIFEST AWAKENED PARENTING,ekam,5,95.1,,,,,
494,2DLb6hDIhmg,https://www.youtube.com/watch?v=2DLb6hDIhmg,Unawareness to Awareness | Evolution During Crisis -7  With Preethaji & Krishnaji,preethaji_krishnaji,5,95.1,,,,,
495,M_BYTcsLQuY,https://www.youtube.com/watch?v=M_BYTcsLQuY,Feel the Power of the chant | Soul Sync Meditation Challenge - 5 with Preethaji,preethaji,5,95.1,,,,,
496,W2ZzApmqJmo,https://www.youtube.com/watch?v=W2ZzApmqJmo,What is Death? Is it only the death of physical body? Learn from Sri Krishnaji,preethaji_krishnaji,5,95.2,,,,,
497,esrYgY--owE,https://www.youtube.com/watch?v=esrYgY--owE,The Path to Oneness: Transcending the Mundane,ekam,5,95.2,,,,,
498,LLhU1ptXDp0,https://www.youtube.com/watch?v=LLhU1ptXDp0,How to Ignite the Brilliance of Your Intelligence,ekam,5,95.3,,,,,
499,FSwSt1omSD8,https://www.youtube.com/watch?v=FSwSt1omSD8,Does staying aloof help overcome depression?,ekam,5,95.3,,,,,
500,ZGvKY4mPfIc,https://www.youtube.com/watch?v=ZGvKY4mPfIc,What Is Spirituality And How Can We Grow Spiritually?,ekam,5,95.3,,,,,
501,Fbd7ln2i9dw,https://www.youtube.com/watch?v=Fbd7ln2i9dw,Happy Fathers Day | Evolution Series 112 with Sri Preethaji & Sri Krishnaji,preethaji_krishnaji,5,95.4,,,,,
502,Gae2J6ExMsY,https://www.youtube.com/watch?v=Gae2J6ExMsY,Break The Jinx of Failure Patterns,preethaji_krishnaji,5,95.4,,,,,
503,QlHMnyKYYoI,https://www.youtube.com/watch?v=QlHMnyKYYoI,Love Manifest,ekam,5,95.5,,,,,
504,ZD1nQPtpojM,https://www.youtube.com/watch?v=ZD1nQPtpojM,Secret Mantra to make your personal and professional relationship happy.,ekam,5,95.5,,,,,
505,aJIunwxx3NI,https://www.youtube.com/watch?v=aJIunwxx3NI,Is enlightenment a new invention?,ekam,5,95.5,,,,,
506,jy4hcpUSBms,https://www.youtube.com/watch?v=jy4hcpUSBms,Dusshera Celebrating the Divine Mother | Evolution Series 85 with Preethaji & Krishnaji,preethaji_krishnaji,5,95.6,,,,,
507,vy09aBxslx0,https://www.youtube.com/watch?v=vy09aBxslx0,Secrets of Ekam Kshetra where grace overpower | Evolution Series 27 | Sri Preethaji & Sri Krishnaji,preethaji_krishnaji,5,95.6,,,,,
508,R7N_Bf14f0o,https://www.youtube.com/watch?v=R7N_Bf14f0o,Anyone with depression must listen to this,ekam,5,95.7,,,,,
509,b6nQnYzo_bY,https://www.youtube.com/watch?v=b6nQnYzo_bY,Why Meditate ?,ekam,5,95.7,,,,,
510,ehkqJ54DIC0,https://www.youtube.com/watch?v=ehkqJ54DIC0,Know the 4 dimensions of your mind |  Evolution Series 103 with Sri Preethaji & Sri Krishnaji,preethaji_krishnaji,5,95.7,,,,,
511,Rdm6ZwxZ3m4,https://www.youtube.com/watch?v=Rdm6ZwxZ3m4,"Transform Your Team, Mind, and Results - Lead with Calm in Chaos",ekam,5,95.8,,,,,
512,6rLvPzNyLRw,https://www.youtube.com/watch?v=6rLvPzNyLRw,ANXIETY ANGER,ekam,5,95.8,,,,,
513,vGWM3R_ihxI,https://www.youtube.com/watch?v=vGWM3R_ihxI,Peace and Self Healing,ekam,5,95.8,,,,,
514,uz81-q_o5LI,https://www.youtube.com/watch?v=uz81-q_o5LI,Our connection with Mother Earth,ekam,5,95.9,,,,,
515,cqvwOx5baxM,https://www.youtube.com/watch?v=cqvwOx5baxM,Field of Abundance - Miami | pkconsciousness,ekam,5,95.9,,,,,
516,TXAKaPwrBy0,https://www.youtube.com/watch?v=TXAKaPwrBy0,Is it really possible to end your inner crisis with outer change? | Learn with Sri Krishnaji |,krishnaji,5,96.0,,,,,
517,RBb_3sgOgFY,https://www.youtube.com/watch?v=RBb_3sgOgFY,4 Dimensions of Diwali |  | Evolution Series 91 with Sri Preethaji & Sri Krishnaji,preethaji_krishnaji,5,96.0,,,,,
518,GBlHpCkYYgc,https://www.youtube.com/watch?v=GBlHpCkYYgc,The Beauty Secret No One Is Talking About | PKCONSCIOUSNESS,preethaji_krishnaji,5,96.0,,,,,
519,hh61tFdyX8c,https://www.youtube.com/watch?v=hh61tFdyX8c,The Power of Mantra | Evolution Series 71 with Preethaji & Krishnaji,preethaji_krishnaji,5,96.1,,,,,
520,LOsAzhRwUIk,https://www.youtube.com/watch?v=LOsAzhRwUIk,Going with the Flow: How Enlightened Consciousness Transforms Your Life,ekam,5,96.1,,,,,
521,OzgA9wYM6Oc,https://www.youtube.com/watch?v=OzgA9wYM6Oc,Soul Sync - Learn how to calm your mind and relax your body,ekam,5,96.2,,,,,
522,i4DQFbs_RKU,https://www.youtube.com/watch?v=i4DQFbs_RKU,A MIRACLE FOR COUPLES !   | PKCONSCIOUSNESS,preethaji_krishnaji,5,96.2,,,,,
523,HTcbWPN1xxY,https://www.youtube.com/watch?v=HTcbWPN1xxY,Mystic Way To Peace | pkconsciousness,preethaji_krishnaji,5,96.2,,,,,
524,nQpRoOOu5Yc,https://www.youtube.com/watch?v=nQpRoOOu5Yc,Ugadi- The Day Of Spiritual Awakening,ekam,5,96.3,,,,,
525,oXRZhJTHuOA,https://www.youtube.com/watch?v=oXRZhJTHuOA,Is lifestyle change Spirituality ? | Evolution During Crisis -59 with Preethaji and Krishnaji,preethaji_krishnaji,5,96.3,,,,,
526,vNj7OSHos1I,https://www.youtube.com/watch?v=vNj7OSHos1I,Does patriotism provoke war? | Evolution series 61 with Preethaji and Krishnaji,preethaji_krishnaji,5,96.4,,,,,
527,HpoWKtIcTcw,https://www.youtube.com/watch?v=HpoWKtIcTcw,Create Miracles in Your Life with the Power of Gratitude,ekam,5,96.4,,,,,
528,19EEFd2ueiI,https://www.youtube.com/watch?v=19EEFd2ueiI,Manifest Manomaya Kosha Healing Manifest Family Harmony,ekam,5,96.4,,,,,
529,OuDAdSnFtbw,https://www.youtube.com/watch?v=OuDAdSnFtbw,Your Peace is World Peace,ekam,5,96.5,,,,,
530,LZQ4PvoArC8,https://www.youtube.com/watch?v=LZQ4PvoArC8,Ekam Circle | Awaken to a connected consciousness,preethaji_krishnaji,5,96.5,,,,,
531,07NOYJmkkFo,https://www.youtube.com/watch?v=07NOYJmkkFo,Its Time to Change,preethaji_krishnaji,5,96.5,,,,,
532,NJQ573JDmAg,https://www.youtube.com/watch?v=NJQ573JDmAg,Soul Connection between Couples | Evolution Series 90 with Preethaji & Krishnaji,preethaji_krishnaji,5,96.6,,,,,
533,OrydPLvNKmI,https://www.youtube.com/watch?v=OrydPLvNKmI,Doorway To Greater Intelligence,ekam,5,96.6,,,,,
534,cu-Tx7ehQvM,https://www.youtube.com/watch?v=cu-Tx7ehQvM,A World Free of Discrimination | Ekam World Peace Festival 2021 | Sri Preethaji & Sri Krishnaji,preethaji_krishnaji,5,96.7,,,,,
535,Hdr5IXNmRUE,https://www.youtube.com/watch?v=Hdr5IXNmRUE,"Beyond Fitness, Toward Oneness",ekam,5,96.7,,,,,
536,YguId6pF5KI,https://www.youtube.com/watch?v=YguId6pF5KI,OCLC | One Consciousness Leaders Circle - pkconsciousness,krishnaji,5,96.7,,,,,
537,69IrsSXeBTg,https://www.youtube.com/watch?v=69IrsSXeBTg,Soul Sync - A Oneness Meditation - 10 Minute Meditation,ekam,5,96.8,,,,,
538,gLXqxcsF1dw,https://www.youtube.com/watch?v=gLXqxcsF1dw,pkconsciousness | Krishnaji on what is the journey from i-Consciousness to One-Consciousness?,krishnaji,5,96.8,,,,,
539,b-MkLkpTeVY,https://www.youtube.com/watch?v=b-MkLkpTeVY,What is compassion?,preethaji_krishnaji,5,96.9,,,,,
540,RkLY_uJL0xc,https://www.youtube.com/watch?v=RkLY_uJL0xc,Peace walk - A step forward for humanity,ekam,5,96.9,,,,,
541,UJM00IqGKtc,https://www.youtube.com/watch?v=UJM00IqGKtc,What makes a good leader? | Sri Preethaji & Sri Krishnaji |,preethaji_krishnaji,5,96.9,,,,,
542,LFTx6ZYMZ1g,https://www.youtube.com/watch?v=LFTx6ZYMZ1g,Is It Possible To Achieve Awakening Without Suffering?,preethaji_krishnaji,5,97.0,,,,,
543,Nq2VYAIQyCs,https://www.youtube.com/watch?v=Nq2VYAIQyCs,Reimagine Gender Norms: Embrace Oneness of our Humanity,ekam,5,97.0,,,,,
544,M8XASiz30oE,https://www.youtube.com/watch?v=M8XASiz30oE,Dissolving differences between couples | Evolution During Crisis -32 With Preethaji & Krishnaji,preethaji_krishnaji,5,97.1,,,,,
545,D9obnqNB4aI,https://www.youtube.com/watch?v=D9obnqNB4aI,A Call for Peace,preethaji_krishnaji,5,97.1,,,,,
546,9Mv4Thnx9SU,https://www.youtube.com/watch?v=9Mv4Thnx9SU,Do Not Quit | Evolution Series 105 with Sri Preethaji & Sri Krishnaji,preethaji_krishnaji,5,97.1,,,,,
547,tAFtaCF5a30,https://www.youtube.com/watch?v=tAFtaCF5a30,Endless possibilities,krishnaji,5,97.2,,,,,
548,TQ0TGyaByhs,https://www.youtube.com/watch?v=TQ0TGyaByhs,World Food Day | Evolution Series with Sri  Preethaji & Sri Krishnaji,preethaji_krishnaji,5,97.2,,,,,
549,co9vrSiN8ak,https://www.youtube.com/watch?v=co9vrSiN8ak,Happening Space | Soul Sync Meditation Challenge - 6 with Preethaji,preethaji,5,97.2,,,,,
550,-YQLpNmH0MQ,https://www.youtube.com/watch?v=-YQLpNmH0MQ,I am Peace,ekam,5,97.3,,,,,
551,w1U9nHF3H5o,https://www.youtube.com/watch?v=w1U9nHF3H5o,Divine Matrix  | Evolution Series 93 with Preethaji & Krishnaji,preethaji_krishnaji,5,97.3,,,,,
552,-4qvpm4Rd6Q,https://www.youtube.com/watch?v=-4qvpm4Rd6Q,The Quietness of Meditation,ekam,5,97.4,,,,,
553,EThkIHrfXWo,https://www.youtube.com/watch?v=EThkIHrfXWo,"Be passionate, not addicted",preethaji_krishnaji,5,97.4,,,,,
554,Mr1cjAz2y9I,https://www.youtube.com/watch?v=Mr1cjAz2y9I,Celebrate the life giver-Mother earth,ekam,5,97.4,,,,,
555,stUPu1-W4bE,https://www.youtube.com/watch?v=stUPu1-W4bE,Overcome challenges with Meditation,ekam,5,97.5,,,,,
556,EpReLy7g6WM,https://www.youtube.com/watch?v=EpReLy7g6WM,Stop living in pain. Start breaking free of addiction with this 2.40-min lesson from Sri Krishnaji.,preethaji_krishnaji,5,97.5,,,,,
557,uvhEf3ToMHI,https://www.youtube.com/watch?v=uvhEf3ToMHI,Maha Shivarathri - Night of the Enlightened,ekam,5,97.6,,,,,
558,81fCD_f4exU,https://www.youtube.com/watch?v=81fCD_f4exU,Mukti Guru on Secrets of Shiva for Shiva Ratri,preethaji_krishnaji,5,97.6,,,,,
559,md0y8j1SxBk,https://www.youtube.com/watch?v=md0y8j1SxBk,Experience Enlightenment - Patna Highlights,preethaji,5,97.6,,,,,
560,-u6ZDfHdB54,https://www.youtube.com/watch?v=-u6ZDfHdB54,Mother Earth - Let Her Be | Evolution During Crisis -42 with Preethaji and Krishnaji,preethaji_krishnaji,5,97.7,,,,,
561,c32xomNzUIs,https://www.youtube.com/watch?v=c32xomNzUIs,My Story of Transformation - Anya Freeman | Miami | pkconsciousness,ekam,5,97.7,,,,,
562,tLNsDEp-JcA,https://www.youtube.com/watch?v=tLNsDEp-JcA,Make Millions Think Peace,preethaji_krishnaji,5,97.8,,,,,
563,UKYZ4NtUMTw,https://www.youtube.com/watch?v=UKYZ4NtUMTw,A transformed leader; a peaceful leader,ekam,5,97.8,,,,,
564,idoWVpnJz-Y,https://www.youtube.com/watch?v=idoWVpnJz-Y,Fatherhood is more than just having a child,ekam,5,97.8,,,,,
565,XcE2G9J8U_4,https://www.youtube.com/watch?v=XcE2G9J8U_4,Why Oneness Now ?,ekam,5,97.9,,,,,
566,Nq8BntIZb40,https://www.youtube.com/watch?v=Nq8BntIZb40,"Enlightenment, a state of utter bliss and peace",ekam,5,97.9,,,,,
567,oalnb5-fHjY,https://www.youtube.com/watch?v=oalnb5-fHjY,What is the core of depression? | Evolution During Crisis - 12 with Preethaji and Krishnaji,preethaji_krishnaji,5,98.0,,,,,
568,0m64VFmniGI,https://www.youtube.com/watch?v=0m64VFmniGI,Thou Art That,ekam,5,98.0,,,,,
569,KTe11DlB4QI,https://www.youtube.com/watch?v=KTe11DlB4QI,Athogathi or a great bhagya ? | Evolution During Crisis -31 With Preethaji & Krishnaji,preethaji_krishnaji,5,98.0,,,,,
570,OLPF727ETSg,https://www.youtube.com/watch?v=OLPF727ETSg,Festival of Love & Happiness | Ekam World PEace Festival 2021 | Sri Preethaji & Sri Krishnaji,preethaji_krishnaji,5,98.1,,,,,
571,OnAAtrwsfOc,https://www.youtube.com/watch?v=OnAAtrwsfOc,Unveiling Yoga's Enlightened Origins | Sri Preethaji,preethaji,5,98.1,,,,,
572,WO_jh3zPTr0,https://www.youtube.com/watch?v=WO_jh3zPTr0,The Vision Oneness Changemakers,preethaji_krishnaji,5,98.1,,,,,
573,uIknA-azXKQ,https://www.youtube.com/watch?v=uIknA-azXKQ,What is God Doing Now?,ekam,5,98.2,,,,,
574,aVqDALcqpII,https://www.youtube.com/watch?v=aVqDALcqpII,"If your misery is a blessing, God should be a sadist",ekam,5,98.2,,,,,
575,WQWVnrG-wX4,https://www.youtube.com/watch?v=WQWVnrG-wX4,The Art of Decision Making,ekam,5,98.3,,,,,
576,VTx4G0KEuUE,https://www.youtube.com/watch?v=VTx4G0KEuUE,Forgive us  | Evolution During Crisis -43 with Preethaji and Krishnaji,preethaji_krishnaji,5,98.3,,,,,
577,DqUafRyXy_0,https://www.youtube.com/watch?v=DqUafRyXy_0,GOD,preethaji_krishnaji,5,98.3,,,,,
578,L4876a9aakw,https://www.youtube.com/watch?v=L4876a9aakw,ARE YOU RIDICULED BY BULLIES?,preethaji_krishnaji,5,98.4,,,,,
579,vjEsXpEtpH4,https://www.youtube.com/watch?v=vjEsXpEtpH4,Depression or search for Meaning ? | Evolution Series 77 with Preethaji & Krishnaji,preethaji_krishnaji,5,98.4,,,,,
580,7UuDjBiHrMA,https://www.youtube.com/watch?v=7UuDjBiHrMA,How to stop being judgemental?,ekam,5,98.5,,,,,
581,E9BYLwkGel8,https://www.youtube.com/watch?v=E9BYLwkGel8,Divine Miracles | Sri Preethaji & Sri Krishnaji | Evolution Series,preethaji_krishnaji,5,98.5,,,,,
582,IjZkoyk7T14,https://www.youtube.com/watch?v=IjZkoyk7T14,MANIFEST GENERATIONAL HEALING MANIFEST AWAKENED PARENTING,ekam,5,98.5,,,,,
583,JLN3i1y6_Dk,https://www.youtube.com/watch?v=JLN3i1y6_Dk,7000 - Ekam World Peacemakers | pkconsciousness,preethaji_krishnaji,5,98.6,,,,,
584,AviNwtN1luo,https://www.youtube.com/watch?v=AviNwtN1luo,One team one brain one vision | Evolution During Crisis -39 With Preethaji & Krishnaji,preethaji_krishnaji,5,98.6,,,,,
585,0YfmJqftSLE,https://www.youtube.com/watch?v=0YfmJqftSLE,FOR FAMILIES TO BECOME PEACEFUL DAY 8,preethaji_krishnaji,5,98.7,,,,,
586,nD0_yE8Yy64,https://www.youtube.com/watch?v=nD0_yE8Yy64,Guru is to lead to Enlightenment,ekam,5,98.7,,,,,
587,1kS_mQaBLdg,https://www.youtube.com/watch?v=1kS_mQaBLdg,How Can You Bring Positive Changes In Others?,preethaji_krishnaji,5,98.7,,,,,
588,LGkdzRl08vo,https://www.youtube.com/watch?v=LGkdzRl08vo,Untie the knots of self-doubt | Sri Preethaji & Sri Krishnaji,preethaji_krishnaji,5,98.8,,,,,
589,NdmpvgZI4II,https://www.youtube.com/watch?v=NdmpvgZI4II,The Field of Abundance | My Story of Transformation -Joyce Sinclair | pkconsciousness,ekam,5,98.8,,,,,
590,OWXe9v7PHDs,https://www.youtube.com/watch?v=OWXe9v7PHDs,Oneness & Peace floods Rajahmundry,krishnaji,4,98.8,,,,,
591,IGryscyFmV8,https://www.youtube.com/watch?v=IGryscyFmV8,Humanity is entering a new phase |  Evolution Series 99 with Sri Preethaji & Sri Krishnaji,preethaji_krishnaji,4,98.9,,,,,
592,WfkCDNu4SuE,https://www.youtube.com/watch?v=WfkCDNu4SuE,Dussehra or Navaratri  | Evolution Series 79 with Sri Preethaji & Sri Krishnaji,preethaji_krishnaji,4,98.9,,,,,
593,YEPXAy-jyVo,https://www.youtube.com/watch?v=YEPXAy-jyVo,The science of miracles for the skeptic,ekam,4,98.9,,,,,
594,aDQhPZUnDqA,https://www.youtube.com/watch?v=aDQhPZUnDqA,Video Transcript: aDQhPZUnDqA,ekam,4,99.0,,,,,
595,SyT0Jx-ZT2g,https://www.youtube.com/watch?v=SyT0Jx-ZT2g,pkconsciousness  | EAF - Ekam Abundance Festival,preethaji_krishnaji,4,99.0,,,,,
596,G_soqEsZRU8,https://www.youtube.com/watch?v=G_soqEsZRU8,When Can I Feel Love For The Other ?  Learn from Sri Krishnaji | pkconsciousness,krishnaji,4,99.0,,,,,
597,_-P-9fe5U_4,https://www.youtube.com/watch?v=_-P-9fe5U_4,Oneness Abundance Festival | Ekam | Riddhi -  siddhi - Buddhi |,krishnaji,4,99.1,,,,,
598,zyUzxY37YVA,https://www.youtube.com/watch?v=zyUzxY37YVA,How to fulfill aspirations without getting stressed?,ekam,4,99.1,,,,,
599,k0GsZxWhjSE,https://www.youtube.com/watch?v=k0GsZxWhjSE,Oneness Abundant Life Meditation Practice - 8 Minutes,ekam,4,99.1,,,,,
600,UbCEX5KBbPw,https://www.youtube.com/watch?v=UbCEX5KBbPw,Begin This Ugadi With A Great Blessing | Evolution Series 109 with Sri Preethaji & Sri Krishnaji,preethaji_krishnaji,4,99.2,,,,,
601,Gw4Ng9FKJyY,https://www.youtube.com/watch?v=Gw4Ng9FKJyY,MANIFEST CHAKRA POTENTIAL MANIFEST DIVINE EXPERIENCES,ekam,4,99.2,,,,,
602,gQv87W3mAu8,https://www.youtube.com/watch?v=gQv87W3mAu8,Lost to found - Awaken to your true passion,ekam,4,99.2,,,,,
603,UDr00laBiYo,https://www.youtube.com/watch?v=UDr00laBiYo,"Greek Myths, Hindu Gods and  Enlightenment",preethaji,4,99.2,,,,,
604,GQZ7A4fvts4,https://www.youtube.com/watch?v=GQZ7A4fvts4,Meaningful Coincidences,preethaji_krishnaji,4,99.3,,,,,
605,JRlaAip4kmk,https://www.youtube.com/watch?v=JRlaAip4kmk,Peace Meditation for International World Peace Day | Evolution Series 74 with Preethaji & Krishnaji,preethaji_krishnaji,4,99.3,,,,,
606,dj9ymEytgS0,https://www.youtube.com/watch?v=dj9ymEytgS0,Meditation for those who never meditate,ekam,4,99.3,,,,,
607,gQiIwfA3mlk,https://www.youtube.com/watch?v=gQiIwfA3mlk,How to draw positive events from the universe into your life ?,ekam,4,99.4,,,,,
608,sboLTO_FUY4,https://www.youtube.com/watch?v=sboLTO_FUY4,How to address real Problems?,ekam,4,99.4,,,,,
609,hqre34QIMZg,https://www.youtube.com/watch?v=hqre34QIMZg,The Power Of An Awakened Consciousness,ekam,4,99.4,,,,,
610,207izZBbqVg,https://www.youtube.com/watch?v=207izZBbqVg,Dharana on Maha Durga | Evolution Series 80 with Preethaji & Krishnaji,preethaji_krishnaji,4,99.5,,,,,
611,v58RteTeBlE,https://www.youtube.com/watch?v=v58RteTeBlE,The Being of Sri Rama,ekam,4,99.5,,,,,
612,46g5U6v3SGc,https://www.youtube.com/watch?v=46g5U6v3SGc,How To Celebrate A Joyful Ugadi Or Gudi Padwa | Evolution During Crisis-1 With Preethaji & Krishnaji,preethaji_krishnaji,4,99.5,,,,,
613,h5Cvb_ZXnJc,https://www.youtube.com/watch?v=h5Cvb_ZXnJc,How To Get Success In All Fields Of Life?,ekam,4,99.6,,,,,
614,FoTH9BWP2gg,https://www.youtube.com/watch?v=FoTH9BWP2gg,The Best Way to Achieve Success | pkconsciousness,ekam,4,99.6,,,,,
615,HLTISkkGbUI,https://www.youtube.com/watch?v=HLTISkkGbUI,Ekam Abundance Festival - Day 5 | pkconsciousness,ekam,4,99.6,,,,,
616,QeRsbucrii4,https://www.youtube.com/watch?v=QeRsbucrii4,Embrace the feminine this Dussehra,ekam,4,99.6,,,,,
617,-yGLiryVQoQ,https://www.youtube.com/watch?v=-yGLiryVQoQ,Learn How to Experience The Divine  | Evolution Series 113 with Sri Preethaji & Sri Krishnaji,preethaji_krishnaji,4,99.7,,,,,
618,JYqlxlBZHc4,https://www.youtube.com/watch?v=JYqlxlBZHc4,How To Become Lucky In Life?,preethaji_krishnaji,4,99.7,,,,,
619,77dJnbTCwsA,https://www.youtube.com/watch?v=77dJnbTCwsA,Triumph and Defeat | Evolution Series 81 with Preethaji & Krishnaji,preethaji_krishnaji,3,99.7,,,,,
620,EBBd2MOeOIU,https://www.youtube.com/watch?v=EBBd2MOeOIU,Awaken your mystical hidden KUNDALINI SHAKTI with Oneness Yoga Challenge 2022,ekam,3,99.8,,,,,
621,x1Neqc9ytqE,https://www.youtube.com/watch?v=x1Neqc9ytqE,Learn To Connect,ekam,3,99.8,,,,,
622,Q_CMuXKuvoU,https://www.youtube.com/watch?v=Q_CMuXKuvoU,Tap into Synchronicities,krishnaji,3,99.8,,,,,
623,UNdwPjyLGn0,https://www.youtube.com/watch?v=UNdwPjyLGn0,Buddha Purnima: A time for Awakening,ekam,3,99.8,,,,,
624,DBUJH5f6rjU,https://www.youtube.com/watch?v=DBUJH5f6rjU,EKAM TAPAS,ekam,3,99.9,,,,,
625,KN0XZBa7K4Y,https://www.youtube.com/watch?v=KN0XZBa7K4Y,Love And Heart Break,preethaji_krishnaji,2,99.9,,,,,
626,SAt-D1YFM1Q,https://www.youtube.com/watch?v=SAt-D1YFM1Q,Jack Delosa after his first level of One Consciousness Business Circle at O&O academy,krishnaji,2,99.9,,,,,
627,PLVPL1dXKc0,https://www.youtube.com/watch?v=PLVPL1dXKc0,How to remove negative energy from your life?,ekam,2,99.9,,,,,
628,RGFI6v2Biq0,https://www.youtube.com/watch?v=RGFI6v2Biq0,Stop driving through life with your headlights off  |  pkconsciousness,ekam,2,99.9,,,,,
629,R_bZWZvU-r4,https://www.youtube.com/watch?v=R_bZWZvU-r4,A conversation that will change your perspective on suffering,ekam,2,99.9,,,,,
630,VOOf2kQpeMw,https://www.youtube.com/watch?v=VOOf2kQpeMw,Unveiling the  Power of  Enlightenment.,ekam,1,99.9,,,,,
631,V5fBJwo_KQk,https://www.youtube.com/watch?v=V5fBJwo_KQk,Dharana on Mahalakshmi | Evolution Series 83 with Preethaji & Krishnaji,preethaji_krishnaji,1,99.9,,,,,
632,mAG-Q4DZ5Zs,https://www.youtube.com/watch?v=mAG-Q4DZ5Zs,pkconsciousness  | Ekam Abundance Festival - Day 6,ekam,1,100.0,,,,,
633,0u9oe-5HPmk,https://www.youtube.com/watch?v=0u9oe-5HPmk,Does Meditation Fail ?,ekam,1,100.0,,,,,
634,XS9EXhxRbi8,https://www.youtube.com/watch?v=XS9EXhxRbi8,Oneness Yoga Challenge -2022,ekam,1,100.0,,,,,
635,NWrTrDIQ9XE,https://www.youtube.com/watch?v=NWrTrDIQ9XE,Unveil the Ultimate Enlightened State,ekam,1,100.0,,,,,
636,WtRGXnnGiVE,https://www.youtube.com/watch?v=WtRGXnnGiVE,Love is a State Not a Virtue Nurture LOve,ekam,1,100.0,,,,,
637,XsbGYVBY92c,https://www.youtube.com/watch?v=XsbGYVBY92c,Manifest Lalaata Chakra,ekam,1,100.0,,,,,
638,dEZ1P72hmLg,https://www.youtube.com/watch?v=dEZ1P72hmLg,Cosmic Energy,preethaji_krishnaji,1,100.0,,,,,
